sim,pair,trace,band,mean_dB,mean_dB_floored,mean_linear,max_dB
sim_pkg_0017,1,Sdd11,0-14,2.843,2.825,0.0589,11.873
sim_pkg_0017,1,Sdd11,14-28,3.768,3.768,0.0961,8.342
sim_pkg_0017,1,Sdd11,28-56,4.78,4.78,0.1207,8.498
sim_pkg_0017,1,Sdd11,56-100,2.562,2.562,0.0506,10.174
sim_pkg_0017,1,Sdd21,0-14,0.962,0.962,0.0943,1.147
sim_pkg_0017,1,Sdd21,14-28,0.5,0.5,0.0389,1.196
sim_pkg_0017,1,Sdd21,28-56,2.84,1.842,0.0269,20.771
sim_pkg_0017,1,Sdd21,56-100,4.167,1.018,0.0111,16.021
sim_pkg_0017,2,Sdd11,0-14,3.768,3.753,0.0834,13.178
sim_pkg_0017,2,Sdd11,14-28,3.801,3.801,0.0989,8.677
sim_pkg_0017,2,Sdd11,28-56,6.797,6.797,0.1483,11.939
sim_pkg_0017,2,Sdd11,56-100,2.125,2.125,0.046,5.141
sim_pkg_0017,2,Sdd21,0-14,0.961,0.961,0.0936,1.224
sim_pkg_0017,2,Sdd21,14-28,1.08,1.08,0.0667,1.495
sim_pkg_0017,2,Sdd21,28-56,3.395,2.16,0.0398,12.139
sim_pkg_0017,2,Sdd21,56-100,14.097,5.263,0.0487,39.162
sim_pkg_0017,3,Sdd11,0-14,4.297,4.297,0.1019,11.406
sim_pkg_0017,3,Sdd11,14-28,4.175,4.175,0.1049,11.673
sim_pkg_0017,3,Sdd11,28-56,8.855,8.855,0.1622,16.469
sim_pkg_0017,3,Sdd11,56-100,1.359,1.359,0.0297,4.062
sim_pkg_0017,3,Sdd21,0-14,1.035,1.035,0.096,1.38
sim_pkg_0017,3,Sdd21,14-28,1.144,1.144,0.0615,2.2
sim_pkg_0017,3,Sdd21,28-56,1.012,1.002,0.0152,4.733
sim_pkg_0017,3,Sdd21,56-100,13.863,6.463,0.0559,34.347
sim_pkg_0017,4,Sdd11,0-14,3.38,3.38,0.0765,12.054
sim_pkg_0017,4,Sdd11,14-28,3.913,3.913,0.097,10.097
sim_pkg_0017,4,Sdd11,28-56,8.131,8.131,0.1601,13.668
sim_pkg_0017,4,Sdd11,56-100,2.057,2.057,0.0439,6.436
sim_pkg_0017,4,Sdd21,0-14,0.985,0.985,0.0928,1.234
sim_pkg_0017,4,Sdd21,14-28,0.895,0.895,0.0537,1.285
sim_pkg_0017,4,Sdd21,28-56,2.632,2.423,0.0322,13.541
sim_pkg_0017,4,Sdd21,56-100,5.604,1.361,0.0138,15.442
sim_pkg_2871,1,Sdd11,0-14,16.095,10.961,0.1805,56.32
sim_pkg_2871,1,Sdd11,14-28,17.479,16.957,0.4032,29.642
sim_pkg_2871,1,Sdd11,28-56,4.442,4.442,0.2366,18.102
sim_pkg_2871,1,Sdd11,56-100,7.183,7.038,0.2983,32.977
sim_pkg_2871,1,Sdd21,0-14,0.767,0.767,0.0792,2.643
sim_pkg_2871,1,Sdd21,14-28,1.773,1.773,0.1576,3.264
sim_pkg_2871,1,Sdd21,28-56,3.06,3.06,0.1602,8.878
sim_pkg_2871,1,Sdd21,56-100,5.815,5.815,0.1634,15.726
sim_pkg_2871,2,Sdd11,0-14,15.88,9.809,0.1728,45.841
sim_pkg_2871,2,Sdd11,14-28,15.228,14.711,0.4028,34.145
sim_pkg_2871,2,Sdd11,28-56,4.375,4.375,0.1989,21.618
sim_pkg_2871,2,Sdd11,56-100,6.062,6.026,0.2494,28.934
sim_pkg_2871,2,Sdd21,0-14,0.951,0.951,0.096,2.82
sim_pkg_2871,2,Sdd21,14-28,2.033,2.033,0.1654,3.951
sim_pkg_2871,2,Sdd21,28-56,4.268,4.268,0.1389,11.913
sim_pkg_2871,2,Sdd21,56-100,4.954,4.954,0.0914,14.274
sim_pkg_2871,3,Sdd11,0-14,15.576,11.193,0.1936,44.501
sim_pkg_2871,3,Sdd11,14-28,15.942,15.939,0.3892,26.723
sim_pkg_2871,3,Sdd11,28-56,3.766,3.766,0.1835,13.355
sim_pkg_2871,3,Sdd11,56-100,4.931,4.931,0.2351,15.225
sim_pkg_2871,3,Sdd21,0-14,0.824,0.824,0.0817,2.172
sim_pkg_2871,3,Sdd21,14-28,1.526,1.526,0.1165,3.095
sim_pkg_2871,3,Sdd21,28-56,2.708,2.708,0.1177,6.979
sim_pkg_2871,3,Sdd21,56-100,4.964,4.542,0.0806,30.032
sim_pkg_2871,4,Sdd11,0-14,15.964,10.711,0.1859,45.026
sim_pkg_2871,4,Sdd11,14-28,15.492,15.404,0.3944,27.089
sim_pkg_2871,4,Sdd11,28-56,4.761,4.661,0.2278,34.768
sim_pkg_2871,4,Sdd11,56-100,5.672,5.65,0.2425,25.227
sim_pkg_2871,4,Sdd21,0-14,1.02,1.02,0.1016,2.808
sim_pkg_2871,4,Sdd21,14-28,1.742,1.742,0.1407,3.029
sim_pkg_2871,4,Sdd21,28-56,2.932,2.932,0.1253,9.095
sim_pkg_2871,4,Sdd21,56-100,5.254,5.254,0.1007,17.488
sim_pkg_2871,5,Sdd11,0-14,13.065,9.389,0.1639,39.508
sim_pkg_2871,5,Sdd11,14-28,15.939,15.684,0.4106,32.687
sim_pkg_2871,5,Sdd11,28-56,3.635,3.635,0.1834,10.493
sim_pkg_2871,5,Sdd11,56-100,5.815,5.813,0.2502,25.105
sim_pkg_2871,5,Sdd21,0-14,0.795,0.795,0.0792,2.222
sim_pkg_2871,5,Sdd21,14-28,1.576,1.576,0.1165,4.138
sim_pkg_2871,5,Sdd21,28-56,4.419,4.419,0.1677,9.515
sim_pkg_2871,5,Sdd21,56-100,4.93,4.93,0.0931,14.206
