freq_Hz,Sdd11_re,Sdd11_im,Sdd21_re,Sdd21_im,Sdc11_re,Sdc11_im,Scc11_re,Scc11_im
2.500000000000000000e+08,1.135896540684325565e-02,6.732091425827622932e-02,9.845909958235127268e-01,-1.557218388505267059e-01,3.426090512942846743e-03,4.417717097302282375e-03,3.514842828164997657e-02,1.210223473428428537e-01
4.993750000000000000e+08,4.267107158136995704e-02,1.259426158921820027e-01,9.413621995556693545e-01,-3.023469733426439321e-01,8.216263614727449191e-03,3.242982078926846985e-03,1.119309395951031821e-01,2.001327280249274865e-01
7.487500000000000000e+08,8.881677541841065393e-02,1.710014802746295526e-01,8.752478942369649184e-01,-4.350455828150762705e-01,1.009330609253450244e-02,-5.355652947561435374e-04,1.993235701099882462e-01,2.388337261594337679e-01
9.981250000000000000e+08,1.443892245929188356e-01,1.996533338941484936e-01,7.913250399994669060e-01,-5.507352888067862384e-01,9.460826692135602609e-03,-4.118516516299262908e-03,2.845239374470281968e-01,2.460030816683466681e-01
1.247500000000000000e+09,2.038887117940553217e-01,2.108569263768262092e-01,6.946201642801375087e-01,-6.480473504907344751e-01,7.520921014980148922e-03,-6.704729928028566738e-03,3.610220704933206903e-01,2.280756562712295266e-01
1.496875000000000000e+09,2.622384295924896636e-01,2.052170359315892700e-01,5.895808021404089772e-01,-7.271225374789271889e-01,4.991629625601800430e-03,-8.362471711275198255e-03,4.242575237787136744e-01,1.903719860980082612e-01
1.746250000000000000e+09,3.151896113684078404e-01,1.845622420300774558e-01,4.796530031323087417e-01,-7.891146506871953292e-01,2.068668224973605786e-03,-9.322646326213712697e-03,4.706621403720127050e-01,1.379073525857123506e-01
1.995625000000000000e+09,3.594425512786202925e-01,1.514959068693629840e-01,3.671524961603983561e-01,-8.356059848827720460e-01,-1.446071690978323332e-03,-9.608394963707123787e-03,4.970689093073160092e-01,7.605173779766351283e-02
2.245000000000000000e+09,3.926070965376183275e-01,1.091076604279928169e-01,2.533928247062140482e-01,-8.680658540532054657e-01,-5.898009724568586618e-03,-8.635377111891242435e-03,5.008405294724025403e-01,1.201111001148094659e-02
2.494375000000000000e+09,4.132585085687375259e-01,6.083937749053732608e-02,1.391041550028632168e-01,-8.874391481319396924e-01,-1.086791508464064748e-02,-4.869136990394446612e-03,4.829872876274788340e-01,-4.361681840401389343e-02
2.743750000000000000e+09,4.211906776281023612e-01,1.005667531733823311e-02,2.508964871602989422e-02,-8.942773870685420956e-01,-1.354888809751033860e-02,2.782606944853961532e-03,4.543136287234800785e-01,-8.208373203446897581e-02
2.993125000000000000e+09,4.168633664431405372e-01,-4.084004179603692442e-02,-8.796507248464510709e-02,-8.895068578554878869e-01,-1.062447261105505837e-02,1.144424819972047168e-02,4.278114826838506080e-01,-1.098648204892695157e-01
3.242500000000000000e+09,4.001064541414248166e-01,-8.979329617040411604e-02,-2.004960606516706934e-01,-8.737947238811551998e-01,-3.344846619520836818e-03,1.666900254300573286e-02,3.993289167095692704e-01,-1.382495417228331858e-01
3.491875000000000000e+09,3.708010427956803245e-01,-1.337775395992653049e-01,-3.131595377692523718e-01,-8.462850813284995555e-01,4.917660019415389348e-03,1.748073647698013613e-02,3.590681151828991058e-01,-1.635926516273069342e-01
3.741250000000000000e+09,3.299789578021260494e-01,-1.692370199089520411e-01,-4.255697514156593364e-01,-8.051096661173655633e-01,1.225988576743798283e-02,1.477913644332284546e-02,3.072892015699778545e-01,-1.754843507810874281e-01
3.990625000000000000e+09,2.799172522022040921e-01,-1.927967598165834517e-01,-5.360787648819618223e-01,-7.481792934413115104e-01,1.772274576796414869e-02,9.426815090043536710e-03,2.522065485204632584e-01,-1.676103462841393998e-01
4.240000000000000000e+09,2.240649443757637693e-01,-2.016721105229422051e-01,-6.417297338877847590e-01,-6.736763136659488227e-01,2.056632975513729769e-02,2.278321230793334783e-03,2.037617563819509592e-01,-1.408140186555252027e-01
4.489375000000000000e+09,1.670008356885639422e-01,-1.941642719100650782e-01,-7.381128408246426797e-01,-5.806534445315878479e-01,2.037375829200785762e-02,-5.759160340225590036e-03,1.680748274751517335e-01,-1.016255333970310093e-01
4.738750000000000000e+09,1.141859134336089820e-01,-1.707796779826396549e-01,-8.190668292387602856e-01,-4.704502229145189895e-01,1.649133354844285748e-02,-1.477006110181035628e-02,1.434449888315688371e-01,-5.750565906849326031e-02
4.988125000000000000e+09,6.601254617401676461e-02,-1.359804725609762288e-01,-8.804836803701561188e-01,-3.516318442163754998e-01,-5.631088500229197713e-04,-2.140235570652940233e-02,1.173412086642539875e-01,3.142550682222453040e-03
5.237500000000000000e+09,3.137472945551194464e-02,-7.260310122040219971e-02,-9.356846837493821845e-01,-2.266713331785418228e-01,1.187402523220482727e-03,1.124594028438112570e-03,1.666319588238087401e-01,8.399198810555749684e-02
5.486875000000000000e+09,2.332843876658373394e-02,-1.571912658364788690e-02,-9.655220209547691335e-01,-7.382598053103767155e-02,4.946611635044729539e-03,-8.557157988987268080e-03,1.967283413807490999e-01,9.947004091702472961e-02
5.736250000000000000e+09,2.831472597695801688e-02,4.292478252084815094e-02,-9.605404842137684751e-01,7.675984551700403002e-02,-3.727796238687380859e-05,-9.985202467990310013e-03,2.289652147066559840e-01,1.276802513260007765e-01
5.985625000000000000e+09,5.041831688437499459e-02,9.772232357721401252e-02,-9.298832831508193619e-01,2.197905759289541794e-01,-3.584168617672543310e-03,-8.056873940021554506e-03,2.736246781845502740e-01,1.459489330986360189e-01
6.235000000000000000e+09,8.719684728992910250e-02,1.428913373103823103e-01,-8.771740207777724008e-01,3.519751846576366638e-01,-5.658008164705050774e-03,-5.347160783665420858e-03,3.224208273013696724e-01,1.475130682855830544e-01
6.484375000000000000e+09,1.344343924029855752e-01,1.747990364094139104e-01,-8.060716368572529156e-01,4.702448643072835721e-01,-6.738465271478644159e-03,-2.388537854611150549e-03,3.677472015691865548e-01,1.328362233885506394e-01
6.733750000000000000e+09,1.874303234464583245e-01,1.916323336946738898e-01,-7.206137197301126784e-01,5.726259072782117210e-01,-6.954888994963847638e-03,6.997859100762128179e-04,4.041491519658092502e-01,1.051662394865160721e-01
6.983125000000000000e+09,2.415819453353919011e-01,1.931252427099366120e-01,-6.247231406761738493e-01,6.583696488021628657e-01,-6.261328652346810283e-03,3.766451072315877766e-03,4.281638812826146223e-01,6.907831109167600347e-02
7.232500000000000000e+09,2.927718173611078001e-01,1.802518418388074917e-01,-5.217947065496837400e-01,7.277178000045724238e-01,-4.610556543807240587e-03,6.537733897795728819e-03,4.382642990468950117e-01,2.988532614658923753e-02
7.481875000000000000e+09,3.375922781756269808e-01,1.548923126606025769e-01,-4.144756051669699626e-01,7.815328352001770229e-01,-2.080560283434988982e-03,8.637289950257779833e-03,4.351291007151422696e-01,-6.875331837603908258e-03
7.731250000000000000e+09,3.734337095075419000e-01,1.195189392992517530e-01,-3.046328563651303778e-01,8.209217158241695067e-01,1.020003826673829880e-03,9.677789040141208943e-03,4.219715996382074064e-01,-3.645761323254703701e-02
7.980625000000000000e+09,3.984745575484905378e-01,7.693498740619625353e-02,-1.934585517022521794e-01,8.469290699272740142e-01,4.114290759165203405e-03,9.457174600745426110e-03,4.041026309121295013e-01,-5.657302465773929312e-02
8.230000000000000000e+09,4.116079044227194395e-01,3.008528819548803024e-02,-8.164583075043591043e-02,8.603277850066697319e-01,6.524067767346850705e-03,8.196492758106032478e-03,3.868522158139537925e-01,-6.870295808394458192e-02
8.479375000000000000e+09,4.123462455275824223e-01,-1.804244664286082031e-02,3.041342140085070977e-02,8.614851129408680475e-01,7.856227629462291667e-03,6.565818584855723054e-03,3.725938178713310012e-01,-7.715206736281736422e-02
8.728750000000000000e+09,4.007753658909356531e-01,-6.443212867636510799e-02,1.424012555135024116e-01,8.502754990622636289e-01,8.297304575116582967e-03,5.334616999008193368e-03,3.596555879232975483e-01,-8.570682747110899835e-02
8.978125000000000000e+09,3.776153441974620661e-01,-1.060480905383611450e-01,2.537881089875467233e-01,8.260726604734502931e-01,8.504047694333195795e-03,4.911483916755495643e-03,3.444807488998478107e-01,-9.487312341212669753e-02
9.227500000000000000e+09,3.443550695372808446e-01,-1.399483936582020804e-01,3.635266486663711882e-01,7.878929859338246189e-01,9.214580232621130684e-03,5.149730322245039613e-03,3.247697011113420684e-01,-1.020517028592794473e-01
9.476875000000000000e+09,3.033456601449768808e-01,-1.635484985822235338e-01,4.698323041592940008e-01,7.347117396673986667e-01,1.089370931841711874e-02,5.454652263816890147e-03,3.009736424845917968e-01,-1.036822899141523341e-01
9.726250000000000000e+09,2.577344481969471301e-01,-1.749829232121304090e-01,5.701594410132067026e-01,6.658859054793547783e-01,1.353496064224926632e-02,5.036549621834342239e-03,2.758429832557947603e-01,-9.728163500280107012e-02
9.975625000000000000e+09,2.111818694892780013e-01,-1.734353332251258317e-01,6.614224044879122300e-01,5.815465630011877884e-01,1.662167710424709843e-02,3.221198579764749433e-03,2.530552317450167621e-01,-8.238885070076565342e-02
1.022500000000000000e+10,1.674144055460278502e-01,-1.592851439413076053e-01,7.404013403364582135e-01,4.828050913636238173e-01,1.927773773466734050e-02,-2.492539207754672186e-04,2.358683965632153712e-01,-6.043495073106631976e-02
1.047437500000000000e+10,1.297769797263256808e-01,-1.339979705492113371e-01,8.041642371598696215e-01,3.716991693532640251e-01,2.059889767604390978e-02,-5.063591860911043074e-03,2.263329553812917783e-01,-3.396569683312156140e-02
1.072375000000000000e+10,1.009520111876135440e-01,-9.984327239109441754e-02,8.503349695079972514e-01,2.509616015254750865e-01,2.001295319729325464e-02,-1.045333882924236527e-02,2.251970273617949492e-01,-5.753069551666094295e-03
1.097312500000000000e+10,8.287399216837558480e-02,-5.961764974663968236e-02,8.771772641986279595e-01,1.237892624878742798e-01,1.745718455995245999e-02,-1.551156103776733797e-02,2.323106202377027973e-01,2.178014466010956204e-02
1.122250000000000000e+10,7.671526177075177477e-02,-1.647971244881352854e-02,8.836171145460522958e-01,-6.285748050310846491e-03,1.329126023946572074e-02,-1.950995021364143600e-02,2.471627588960556565e-01,4.663164551365413246e-02
1.147187500000000000e+10,8.281082436116021794e-02,2.616005758647828999e-02,8.693284342179011803e-01,-1.354842547279689891e-01,8.058082452189675726e-03,-2.203307930358820027e-02,2.691380079370409573e-01,6.686089006759335374e-02
1.172125000000000000e+10,1.005208182111675674e-01,6.482704295853899956e-02,8.348684058052724399e-01,-2.599569703714621483e-01,2.286966212363805012e-03,-2.291478346880170686e-02,2.972018319235093520e-01,8.021215167744692731e-02
1.197062500000000000e+10,1.281479119544083611e-01,9.630876133755821022e-02,7.817351702995237739e-01,-3.760901596591667562e-01,-3.553038021589761779e-03,-2.211358375106710697e-02,3.292266944050656341e-01,8.432251303263613162e-02
1.222000000000000000e+10,1.630285714197274860e-01,1.180539813730296927e-01,7.122449750553645487e-01,-4.808468140920358902e-01,-9.007871759857895982e-03,-1.966623401083717956e-02,3.617286153201881849e-01,7.764035512658484794e-02
1.246937500000000000e+10,2.018240212795316402e-01,1.285101536771643960e-01,6.292405572104265987e-01,-5.720061174362398582e-01,-1.362532669543593811e-02,-1.572057823133236193e-02,3.905119603662003391e-01,6.033885472161837349e-02
1.271875000000000000e+10,2.409348855036612669e-01,1.272917062630917195e-01,5.357316509443887931e-01,-6.482213889877941337e-01,-1.700487861778978566e-02,-1.055511888333500459e-02,4.117888195660891482e-01,3.447098983653458515e-02
1.296812500000000000e+10,2.769237109810691599e-01,1.151561890279035882e-01,4.345828938666725372e-01,-7.089022743486208533e-01,-1.884687164472582596e-02,-4.543622504416499654e-03,4.230096854023196462e-01,3.407467314512632045e-03
1.321750000000000000e+10,3.068614055894948178e-01,9.383696432084318029e-02,3.283289859604597294e-01,-7.539865642274786728e-01,-1.895441076533643104e-02,1.895173215662750675e-03,4.231429119517375326e-01,-2.891290215016052018e-02
1.346687500000000000e+10,3.285729978592877853e-01,6.579930362923180898e-02,2.191460827129823041e-01,-7.836926342394963108e-01,-1.720452572181156367e-02,8.312155420422448482e-03,4.126132937484868757e-01,-5.857777818457871044e-02
1.371625000000000000e+10,3.407971115352849689e-01,3.396004195602168874e-02,1.089572491521924313e-01,-7.983447530714610219e-01,-1.353800185048234170e-02,1.419386867408596251e-02,3.931375176381962100e-01,-8.214002611996912284e-02
1.396562500000000000e+10,3.432705278183512676e-01,1.373312342571528233e-03,-4.026537685836578673e-04,-7.983458328072374766e-01,-8.016674029269615920e-03,1.891054964111386211e-02,3.674922376134159840e-01,-9.701567640988875696e-02
1.421500000000000000e+10,3.367098687035235960e-01,-2.912406256525122000e-02,-1.070956052556255172e-01,-7.843210124277718576e-01,-9.711704436429309181e-04,2.172327753395570174e-02,3.391059191896028668e-01,-1.018315983403524222e-01
1.446437500000000000e+10,3.226302287570765315e-01,-5.525990601668671898e-02,-2.094306521882112193e-01,-7.573298681933622323e-01,6.822889394822912595e-03,2.196943145411628384e-02,3.114646934292417124e-01,-9.650665047569247090e-02
1.471375000000000000e+10,3.030086490393637533e-01,-7.553365326905797650e-02,-3.063106546258529961e-01,-7.188385891050461662e-01,1.418011753673849469e-02,1.947161768005553975e-02,2.876839463695339827e-01,-8.191012366597773264e-02
1.496312500000000000e+10,2.799648221391986547e-01,-8.922836505778582172e-02,-3.976045597688869782e-01,-6.700888753251682539e-01,2.003120849952869445e-02,1.482573758246093741e-02,2.706490930641526349e-01,-5.957672487006072937e-02
1.521250000000000000e+10,2.554899419677877925e-01,-9.643099523951521868e-02,-4.836360402841156647e-01,-6.111241347843030525e-01,2.403202748106716274e-02,8.935403612241703264e-03,2.630650280149436360e-01,-3.220054904972068782e-02
1.546187500000000000e+10,2.308959458449746927e-01,-9.788231905681674117e-02,-5.637076128244701279e-01,-5.407871783615170180e-01,2.621979895004600963e-02,2.254940390612692781e-03,2.663096260642187629e-01,-3.944420273421074541e-03
1.571125000000000000e+10,2.065633837748518387e-01,-9.405611249558629150e-02,-6.354054884836852768e-01,-4.582707461119889247e-01,2.629132987181501471e-02,-4.908972986228762880e-03,2.794172203264971843e-01,2.090910643283563214e-02
1.596062500000000000e+10,1.829088218019664369e-01,-8.448215548523314855e-02,-6.957034538047626171e-01,-3.642715048771277830e-01,2.392425892590088407e-02,-1.176895933156102761e-02,2.998468883444745381e-01,3.943843475250466413e-02
1.621000000000000000e+10,1.613554236960671184e-01,-6.843360761356817590e-02,-7.420503691683686398e-01,-2.605688077205451370e-01,1.934399796419793149e-02,-1.732118122744354463e-02,3.246685074755400469e-01,5.017037535900568945e-02
1.645937500000000000e+10,1.441805079643473930e-01,-4.596383092177404317e-02,-7.723888495109476615e-01,-1.494132439463435325e-01,1.324832440516587363e-02,-2.083441422585564223e-02,3.510187985342594352e-01,5.268334331061863551e-02
1.670875000000000000e+10,1.337662260818495152e-01,-1.833917754896448316e-02,-7.849717478041641217e-01,-3.352350537013754073e-02,6.496470216627612398e-03,-2.197793979797295350e-02,3.762640338505651161e-01,4.742936446128558775e-02
1.695812500000000000e+10,1.318810810637716102e-01,1.209177385349722092e-02,-7.785502175884665421e-01,8.376306906048099077e-02,-7.576041884313749336e-05,-2.074459840059311028e-02,3.982159004153020265e-01,3.561215214831611048e-02
1.720750000000000000e+10,1.392355189753840539e-01,4.234255855750339304e-02,-7.527167183837469855e-01,1.985921443269851872e-01,-5.736620332605488724e-03,-1.736271613106490572e-02,4.153581641861966989e-01,1.896488342628896429e-02
1.745687500000000000e+10,1.552871544705517193e-01,6.937394841719410343e-02,-7.081886636005825242e-01,3.069678683806658648e-01,-9.858324727455691078e-03,-1.223101153823078283e-02,4.269092653055027164e-01,-5.615942104572474447e-04
1.770625000000000000e+10,1.784118100980219279e-01,9.065004077107532976e-02,-6.467863915081213388e-01,4.052042744411079589e-01,-1.193534076273428807e-02,-5.902375477514148518e-03,4.327937418620501075e-01,-2.107834034032584833e-02
1.795562500000000000e+10,2.062835967463284848e-01,1.045148398344083601e-01,-5.712250798915825545e-01,4.902921795810862848e-01,-1.161435347039976862e-02,9.183026171271186852e-04,4.334976819842492057e-01,-4.098550863990319676e-02
1.820500000000000000e+10,2.363526506081627121e-01,1.103209742134407811e-01,-4.848084119524148639e-01,5.601123085748638264e-01,-8.760252822137428938e-03,7.386589254924946432e-03,4.298602072442511690e-01,-5.910985843793084560e-02
1.845437500000000000e+10,2.662947379264086201e-01,1.083318530090030679e-01,-3.911379418187917456e-01,6.135215991287790160e-01,-3.550098829723198797e-03,1.257855490365537149e-02,4.228397115374188386e-01,-7.472412488022406318e-02
1.870375000000000000e+10,2.942773807513887063e-01,9.935937367358303740e-02,-2.937514767654374470e-01,6.503248462032915622e-01,3.469245987174481623e-03,1.563779594247661359e-02,4.133171815818570960e-01,-8.748358611644801996e-02
1.895312500000000000e+10,3.190853641771507765e-01,8.449307049454095331e-02,-1.959859461226462207e-01,6.712729226491642720e-01,1.137968032441276367e-02,1.596096888420272739e-02,4.019921829790816803e-01,-9.721766273573566319e-02
1.920250000000000000e+10,3.399209779086810324e-01,6.470734905715151697e-02,-1.005465348810020976e-01,6.778924517663448279e-01,1.907209330330273539e-02,1.338243046335238495e-02,3.894080865089669663e-01,-1.037325299975724729e-01
1.945187500000000000e+10,3.561627895129966803e-01,4.076207385329858740e-02,-9.338878253985216649e-03,6.722730742140724525e-01,2.546923151100554880e-02,8.238271229641729379e-03,3.761425210622567628e-01,-1.067634173367193740e-01
1.970125000000000000e+10,3.670533578509888040e-01,1.331485938791806753e-02,7.674735011495928405e-02,6.566320387620231402e-01,2.978358300779231430e-02,1.258602304549589698e-03,3.629654889200481516e-01,-1.060000487737138009e-01
1.995062500000000000e+10,3.716127038546782613e-01,-1.677780293104250836e-02,1.577498755170468336e-01,6.328218096000879367e-01,3.163277127364014923e-02,-6.651875196951238106e-03,3.509543428763237105e-01,-1.012799793855489183e-01
2.020000000000000000e+10,3.688104174878114594e-01,-4.817930948992241169e-02,2.342767549486278467e-01,6.019500150567911323e-01,3.100184534289762706e-02,-1.462017206099375417e-02,3.414422265262272993e-01,-9.286206530338918241e-02
2.044937500000000000e+10,3.578953972588039267e-01,-7.897497680918053042e-02,3.070128878619538537e-01,5.642508152358255424e-01,2.812956671596148969e-02,-2.191329885986573883e-02,3.357522195744419014e-01,-8.164022308073404233e-02
2.069875000000000000e+10,3.387291669123501103e-01,-1.067909501389004007e-01,3.762566921252605834e-01,5.192231588442317580e-01,2.341038506058218047e-02,-2.795761371386362021e-02,3.347919830384656903e-01,-6.913868690112177917e-02
2.094812500000000000e+10,3.120156018515737317e-01,-1.290685113317717181e-01,4.416010632590626761e-01,4.659547313921368339e-01,1.734605904952484998e-02,-3.233225663966325658e-02,3.387041219056095565e-01,-5.721798535746051156e-02
2.119750000000000000e+10,2.793951228205506787e-01,-1.434298831316454526e-01,5.017931742566772435e-01,4.035681085187399209e-01,1.052361306343382180e-02,-3.477825995444738805e-02,3.467925262872951775e-01,-4.762358084361244942e-02
2.144687500000000000e+10,2.433647334704339693e-01,-1.480099783739613206e-01,5.548109632788886803e-01,3.315425013827892342e-01,3.559068472700050410e-03,-3.524016540051218976e-02,3.576824942552148112e-01,-4.146630833569009411e-02
2.169625000000000000e+10,2.070938879926264298e-01,-1.418738660714806976e-01,5.980758433853318179e-01,2.502642989399621598e-01,-2.956971630010686060e-03,-3.385824843685968089e-02,3.698463989031184340e-01,-3.917378448615268377e-02
2.194562500000000000e+10,1.740237806939562148e-01,-1.252403321983755202e-01,6.289191543987654454e-01,1.611970595569583442e-01,-8.546672017652256342e-03,-3.095205061904925115e-02,3.819155078319216301e-01,-4.053080098482433197e-02
2.219500000000000000e+10,1.473829331293318168e-01,-9.954688515793636006e-02,6.451259380406650923e-01,6.688149272468352224e-02,-1.290482868196717731e-02,-2.695093905121773506e-02,3.928843502744516769e-01,-4.492754069715901299e-02
2.244437500000000000e+10,1.297117686111045887e-01,-6.728355343585104564e-02,6.454269261951572911e-01,-2.935379316665330529e-02,-1.591144938613712687e-02,-2.230195760321750098e-02,4.021314214457371583e-01,-5.161244328524209474e-02
2.269375000000000000e+10,1.225226455903427047e-01,-3.162651927944938601e-02,6.297617293074603273e-01,-1.239218815456835515e-01,-1.759390577195891342e-02,-1.739029661298129720e-02,4.093269981209822217e-01,-5.983930572364754008e-02
2.294312500000000000e+10,1.261707452365040116e-01,4.010476074590783868e-03,5.992082667408250574e-01,-2.135517516332140486e-01,-1.805574136478615976e-02,-1.250059380805888104e-02,4.143337418973817021e-01,-6.890866305317530638e-02
2.319250000000000000e+10,1.399159713751028100e-01,3.638697325813171346e-02,5.556310031375009117e-01,-2.956942377508355868e-01,-1.740575084983867968e-02,-7.830405562698908653e-03,4.171569541083267052e-01,-7.815133501936206983e-02
2.344187500000000000e+10,1.621014313780402005e-01,6.274841062345860865e-02,5.012270806333051221e-01,-3.686449641590159310e-01,-1.572110443741952038e-02,-3.541913011877425525e-03,4.179525097842274883e-01,-8.691089820945953337e-02
2.369125000000000000e+10,1.903847287647677244e-01,8.104095942918675133e-02,4.381603054409383691e-01,-4.314235027736505468e-01,-1.306041621787310848e-02,1.820935201049026474e-04,4.170678063730029472e-01,-9.456548406254877692e-02
2.394062500000000000e+10,2.218751271397700064e-01,8.999505327847365233e-02,3.684184547780329777e-01,-4.833273292163335899e-01,-9.510019990902529932e-03,3.116982937816386093e-03,4.150318891457824289e-01,-1.006651020455351653e-01
2.419000000000000000e+10,2.538615738311174042e-01,8.941241936285622416e-02,2.936372802150034045e-01,-5.245915312451313595e-01,-5.252961624546793190e-03,5.006553097786456408e-03,4.126844302891058414e-01,-1.047975487951333107e-01
2.443937500000000000e+10,2.834772237740290635e-01,7.976826542939050024e-02,2.152601709485797155e-01,-5.550620642791092019e-01,-5.759125307169968636e-04,5.641806254825975503e-03,4.109011141613706508e-01,-1.070768469819348007e-01
2.468875000000000000e+10,3.081987136923406978e-01,6.233714283519256605e-02,1.345660358579970350e-01,-5.747079741632511451e-01,4.146223475424226992e-03,4.914562591253220786e-03,4.104649403698407695e-01,-1.079969884474895059e-01
2.493812500000000000e+10,3.260617358186377324e-01,3.904854690622593105e-02,5.268061951969685991e-02,-5.836061424735102809e-01,8.504411222184132119e-03,2.856724928406889283e-03,4.118804529256071545e-01,-1.083521007949691528e-01
2.518750000000000000e+10,3.357476808758398379e-01,1.228318794731126512e-02,-2.937277498041983292e-02,-5.817895439661792123e-01,1.212349841862817891e-02,-3.551694149364899127e-04,4.152248255669326871e-01,-1.090827035189401856e-01
2.543687500000000000e+10,3.366729665710791464e-01,-1.532852405301516306e-02,-1.105450165665512186e-01,-5.691384958597791588e-01,1.470023611283324816e-02,-4.405443152159882123e-03,4.201450260347897037e-01,-1.110871204941897006e-01
2.568625000000000000e+10,3.290379713098377512e-01,-4.098547960123898048e-02,-1.897873024186312874e-01,-5.456149411429466189e-01,1.611753455639217125e-02,-8.977291268010331032e-03,4.259210485753846531e-01,-1.148269813819301488e-01
2.593562500000000000e+10,3.139107145036571511e-01,-6.207007460792118153e-02,-2.657371501704915984e-01,-5.109937151669845523e-01,1.633037656882877289e-02,-1.370067324897906308e-02,4.317726872149563189e-01,-1.204923495881347617e-01
2.618500000000000000e+10,2.932017226530308496e-01,-7.636521830282297363e-02,-3.366852863977078392e-01,-4.651860142094255690e-01,1.541579517816968684e-02,-1.823982579129478088e-02,4.369874512628977303e-01,-1.279253801933225854e-01
2.643437500000000000e+10,2.695521149483781631e-01,-8.236850827952371668e-02,-4.005838964102741429e-01,-4.084895401585144081e-01,1.354716555767681609e-02,-2.234215410456473136e-02,4.410428386442705184e-01,-1.367154148106282385e-01
2.668375000000000000e+10,2.460573734192401663e-01,-7.961349664504971391e-02,-4.551705105110860350e-01,-3.418079807026584982e-01,1.093750535646147853e-02,-2.585050082804934632e-02,4.436540964468362325e-01,-1.463522314140850156e-01
2.693312500000000000e+10,2.258147266413944865e-01,-6.885106949019119404e-02,-4.981844328383812082e-01,-2.668283588205271339e-01,7.799212783988977715e-03,-2.869326762600385786e-02,4.447539969829912287e-01,-1.563504523199274465e-01
2.718250000000000000e+10,2.113525579260054355e-01,-5.198045154004685142e-02,-5.280563127233935949e-01,-1.859833893526915138e-01,4.286351203684311481e-03,-3.086175375405404708e-02,4.443998088739045671e-01,-1.662293140355272647e-01
2.743187500000000000e+10,2.041858434700371261e-01,-3.167009646409271739e-02,-5.438699129752621042e-01,-1.021860284236665722e-01,5.238502040285208244e-04,-3.235383310214147434e-02,4.427734727388899505e-01,-1.756280262213155419e-01
2.768125000000000000e+10,2.046110901591115527e-01,-1.079273698985069169e-02,-5.456712234483139801e-01,-1.841223147644789615e-02,-3.380587070532729832e-03,-3.315549904404926918e-02,4.401342977645911758e-01,-1.842628788936350737e-01
2.793062500000000000e+10,2.118436685122653262e-01,8.139858743892487355e-03,-5.343712441295032090e-01,6.274272369845063091e-02,-7.306727390478142715e-03,-3.324295445656917647e-02,4.368036862874415949e-01,-1.919259953919265071e-01
2.818000000000000000e+10,2.244113220056661029e-01,2.333381266926580488e-02,-5.113655139485324685e-01,1.393277127116635261e-01,-1.109949707404058600e-02,-3.260733725356768781e-02,4.331555831218585340e-01,-1.985154151484949669e-01
2.842937500000000000e+10,2.406015589247375852e-01,3.377527072796501773e-02,-4.781471130351381271e-01,2.100358525079349947e-01,-1.457550763601802787e-02,-3.128930094985305638e-02,4.295847154100580489e-01,-2.040604845996908945e-01
2.867875000000000000e+10,2.587813704270560677e-01,3.906854678293911892e-02,-4.360465767804257431e-01,2.740060579133000718e-01,-1.755358833937913782e-02,-2.940198126423607464e-02,4.264544210108123790e-01,-2.087337052410325466e-01
2.892812500000000000e+10,2.775164374306819948e-01,3.920494070603301046e-02,-3.861664148546199993e-01,3.305675821797849911e-01,-1.989585401144785062e-02,-2.713034617519184330e-02,4.240357234603059911e-01,-2.128339488438545091e-01
2.917750000000000000e+10,2.955364025655198290e-01,3.439970893331668889e-02,-3.294680259578202097e-01,3.790546732338375691e-01,-2.154285806045794227e-02,-2.470598422114328452e-02,4.224576692604969375e-01,-2.167375430329670505e-01
2.942687500000000000e+10,3.116538973781367017e-01,2.505257102126924595e-02,-2.669132597260855944e-01,4.187428219218656267e-01,-2.252998079886803576e-02,-2.236571009334746910e-02,4.216873886566483987e-01,-2.208278629747262856e-01
2.967625000000000000e+10,3.247335503711132887e-01,1.180260818483980928e-02,-1.995762337817281740e-01,4.488814288541228548e-01,-2.297976461288046141e-02,-2.030749191234440185e-02,4.215479778274568434e-01,-2.254236494751533648e-01
2.992562500000000000e+10,3.337526053781751378e-01,-4.395346720158363127e-03,-1.286941569971488952e-01,4.687627198006247831e-01,-2.307347001222811653e-02,-1.865699179270603747e-02,4.217685231047412775e-01,-2.307269010779780249e-01
3.017500000000000000e+10,3.379387531879934903e-01,-2.224222532932507851e-02,-5.567614113788146857e-02,4.777798685515610155e-01,-2.301134387083898433e-02,-1.745311234553500318e-02,4.220500826589058674e-01,-2.368033434979628926e-01
3.042437500000000000e+10,3.369392243499961803e-01,-4.015372062558909827e-02,1.789226483121116040e-02,4.754662547725863053e-01,-2.297286783035263139e-02,-1.665420253154212271e-02,4.221283231916675982e-01,-2.435968497708516922e-01
3.067375000000000000e+10,3.309685097294164380e-01,-5.641535952270896465e-02,9.022728131452423250e-02,4.615424085908146901e-01,-2.308627982189108419e-02,-1.616122747317374000e-02,4.218174219459908669e-01,-2.509692697061052802e-01
3.092312500000000000e+10,3.208857231399315224e-01,-6.942044866485649890e-02,1.593223412287606278e-01,4.360067520996425694e-01,-2.341343963562971670e-02,-1.585140809054150224e-02,4.210273749411079236e-01,-2.587519526287153093e-01
3.117250000000000000e+10,3.081562626226056478e-01,-7.795818303389417947e-02,2.229693910359533404e-01,3.992843840830844759e-01,-2.395330064645202761e-02,-1.561434463323303594e-02,4.197545514151246882e-01,-2.667946815182954401e-01
3.142187500000000000e+10,2.946622227219043433e-01,-8.149141181652153065e-02,2.788850508700508324e-01,3.524012585337356063e-01,-2.466409264083221572e-02,-1.538100304677617915e-02,4.180515586856257682e-01,-2.750002224688302133e-01
3.167125000000000000e+10,2.823601831981240040e-01,-8.033222942658838073e-02,3.249696240817772086e-01,2.971000045483806473e-01,-2.549890804449977608e-02,-1.513512118594291002e-02,4.159869422007633766e-01,-2.833371865761840080e-01
3.192062500000000000e+10,2.728516078925087296e-01,-7.561729117534049527e-02,3.596541621750162232e-01,2.357946035428389320e-01,-2.644212281621024369e-02,-1.490005620699054630e-02,4.136074280354605226e-01,-2.918301202137999484e-01
3.217000000000000000e+10,2.670026903041108346e-01,-6.903714643477440460e-02,3.822108237465917657e-01,1.713083341469352205e-01,-2.752985449351046457e-02,-1.470393873440544764e-02,4.109140198046420389e-01,-3.005327601087939282e-01
3.241937500000000000e+10,2.647687332483722455e-01,-6.238125583576902694e-02,3.928768379126080790e-01,1.064465452147758118e-01,-2.884247584968959929e-02,-1.453811979937038971e-02,4.078576949683588304e-01,-3.094956242887365594e-01
3.266875000000000000e+10,2.653051363701697807e-01,-5.706070975165578041e-02,3.927114797266788027e-01,4.355810330225469429e-02,-3.047080033919188913e-02,-1.432923841050062243e-02,4.043527034849738189e-01,-3.187396903582715435e-01
3.291812500000000000e+10,2.673168157415209412e-01,-5.378807241438383901e-02,3.832341734097787223e-01,-1.574106904533385462e-02,-3.247110330756133173e-02,-1.393857282263580646e-02,4.002995222334213565e-01,-3.282435028693503898e-01
3.316750000000000000e+10,2.694966184471999648e-01,-5.251302394673577900e-02,3.659930916014552671e-01,-7.058834419768890422e-02,-3.482823452095942796e-02,-1.318852977574749667e-02,3.956081340539606694e-01,-3.379445983639487450e-01
3.341687500000000000e+10,2.708902794183061236e-01,-5.259394644540858060e-02,3.422272904061619547e-01,-1.206630653474443648e-01,-3.743988681361523629e-02,-1.190507127675894707e-02,3.902149159158777025e-01,-3.477513070889733382e-01
3.366625000000000000e+10,2.710875133062631837e-01,-5.310309227659879006e-02,3.127238323220035143e-01,-1.658519062487716356e-01,-4.012532714443392545e-02,-9.961676211381151336e-03,3.840903524967124172e-01,-3.575592985242977973e-01
3.391562500000000000e+10,2.704114347902621396e-01,-5.306704600131648825e-02,2.774025605366272074e-01,-2.061981381980014794e-01,-4.264872488307590304e-02,-7.274956175018772002e-03,3.771960195305217867e-01,-3.674180599224182164e-01
3.416500000000000000e+10,2.690907895586311382e-01,-5.204075491786852581e-02,2.372565675773077309e-01,-2.405890516930264678e-01,-4.477836733715268025e-02,-3.964944397227396569e-03,3.696161004493438984e-01,-3.770057963225385556e-01
3.441437500000000000e+10,2.678327325714442986e-01,-4.971599665196701351e-02,1.927278410516509721e-01,-2.681641235383777633e-01,-4.631752420014753624e-02,-1.640910473347549289e-04,3.613974471350356876e-01,-3.862638844866155829e-01
3.466375000000000000e+10,2.674505162346779708e-01,-4.610620743228985297e-02,1.444203013204600761e-01,-2.879806467844711060e-01,-4.713193176571174592e-02,3.951900245217514207e-03,3.525671474111539139e-01,-3.952353226797590269e-01
3.491312500000000000e+10,2.685267402014368532e-01,-4.157443329860947140e-02,9.376592289952616344e-02,-2.989442947401138029e-01,-4.716955891829453795e-02,8.153649955772425406e-03,3.431635296128860424e-01,-4.038977727329141620e-01
3.516250000000000000e+10,2.714647208808628198e-01,-3.664917409277127641e-02,4.275259172976445671e-02,-3.003710881756799789e-01,-4.645690662016093569e-02,1.221873129840706645e-02,3.332134975788149100e-01,-4.122409101053226554e-01
3.541187500000000000e+10,2.764907304980577796e-01,-3.196416410744497283e-02,-6.299445379950814605e-03,-2.922754769211242110e-01,-4.508244546515945833e-02,1.595361178797696441e-02,3.227305125859028512e-01,-4.202605214467513006e-01
3.566125000000000000e+10,2.836437097216045755e-01,-2.823918199133963400e-02,-5.109310057611811395e-02,-2.755061452145486922e-01,-4.318009716010405563e-02,1.920238874687381012e-02,3.117137293949244214e-01,-4.279535644149699003e-01
3.591062500000000000e+10,2.927230900570735317e-01,-2.625521333660662746e-02,-8.974045931262350506e-02,-2.516792138196206619e-01,-4.091991727195713746e-02,2.185031947460537929e-02,3.001472924680351761e-01,-4.353130801864567578e-01
3.616000000000000000e+10,3.032201770327112578e-01,-2.677256927720741628e-02,-1.210645361886441562e-01,-2.229226296793586914e-01,-3.850332746637435272e-02,2.383151782735651314e-02,2.880006246891732569e-01,-4.423217095308429325e-01
3.640937500000000000e+10,3.142949681537210438e-01,-3.038336005154916933e-02,-1.447286279048907442e-01,-1.915091526235411790e-01,-3.615378850365642827e-02,2.514300629217002675e-02,2.752315952319061010e-01,-4.489441086537758197e-01
3.665875000000000000e+10,3.248470336284707827e-01,-3.734494026960298585e-02,-1.611673227721151236e-01,-1.594915738399915739e-01,-3.409618976098762605e-02,2.585825030903858221e-02,2.617936709026883468e-01,-4.551203541505939865e-01
3.690812500000000000e+10,3.336782011245849611e-01,-4.746357063726427961e-02,-1.713647123494819735e-01,-1.284420267182473374e-01,-3.252671519727334121e-02,2.613035537430619115e-02,2.476461926562268379e-01,-4.607628391906571919e-01
3.715750000000000000e+10,3.396983159929637397e-01,-6.007397197957117102e-02,-1.765692330594547943e-01,-9.934395174365402703e-02,-3.158175860424319165e-02,2.617995931875738078e-02,2.327654145384990270e-01,-4.657579188286847249e-01
3.740687500000000000e+10,3.421142450286390746e-01,-7.411590750376452486e-02,-1.780320171195237389e-01,-7.262357185996685949e-02,-3.131468959786826850e-02,2.627028375576053940e-02,2.171538968505805078e-01,-4.699717875241172793e-01
3.765625000000000000e+10,3.405630659971751739e-01,-8.827749296057425810e-02,-1.768196832836158305e-01,-4.827056102841854185e-02,-3.168454514258401550e-02,2.667584997518621451e-02,2.008469125624696983e-01,-4.732590234032769683e-01
3.790562500000000000e+10,3.352058384828542903e-01,-1.012582471697870690e-01,-1.738754081087381109e-01,-2.607371938462292940e-02,-3.256401720421127355e-02,2.765924651005010823e-02,1.837170258292147862e-01,-4.755528524914987010e-01
3.815500000000000000e+10,3.266033661265893562e-01,-1.116407687378589003e-01,-1.694340365712160568e-01,-5.474567395589867783e-03,-3.372511205100237747e-02,2.941091795012605592e-02,1.661538900677320407e-01,-4.765775514097912446e-01
3.840437500000000000e+10,3.158524255469951636e-01,-1.184004016438222895e-01,-1.636236451020249283e-01,1.393863145818409650e-02,-3.487408807469911248e-02,3.205567541964063349e-02,1.483416150761014407e-01,-4.762045936679291103e-01
3.865375000000000000e+10,3.044086672228596413e-01,-1.210378220635072444e-01,-1.564739155664836567e-01,3.238512589530604530e-02,-3.568078234858536313e-02,3.562090677305525949e-02,1.303293094798335938e-01,-4.744030181533024360e-01
3.890312500000000000e+10,2.938339852416649300e-01,-1.195650271577289731e-01,-1.477800688836682919e-01,4.995518875103463485e-02,-3.580891030465765956e-02,4.000691144378826225e-02,1.123106935816519381e-01,-4.711118912906357425e-01
3.915250000000000000e+10,2.856020554976286263e-01,-1.146017717374269856e-01,-1.373175304654836171e-01,6.651447053166932577e-02,-3.496540430467730970e-02,4.499269799524389241e-02,9.449194285732039067e-02,-4.663090551356118274e-01
3.940187500000000000e+10,2.808434481047235587e-01,-1.073092610373028444e-01,-1.249611825707762913e-01,8.173298560738957719e-02,-3.294931932892839616e-02,5.025652256353842218e-02,7.708122662309621620e-02,-4.600119694678236337e-01
3.965125000000000000e+10,2.801343236476433463e-01,-9.920255700226811302e-02,-1.107751060705442769e-01,9.517143817720821741e-02,-2.968960727537469160e-02,5.541993917469939523e-02,6.027964689710956642e-02,-4.522747122843429612e-01
3.990062500000000000e+10,2.833957036661173268e-01,-9.187440590544355967e-02,-9.504231600081369802e-02,1.064025213147873627e-01,-2.525838635971174723e-02,6.010756551235652001e-02,4.427552209375412023e-02,-4.431827940333562532e-01
4.015000000000000000e+10,2.899403843866262265e-01,-8.670383178035258320e-02,-7.822285720061714076e-02,1.151265063004708461e-01,-1.985328844304745655e-02,6.400659176104768477e-02,2.924236105148518908e-02,-4.328485890804777969e-01
4.039937500000000000e+10,2.986511212518588865e-01,-8.463322283821761438e-02,-6.085772478152066262e-02,1.212403918481301524e-01,-1.375398171638721537e-02,6.690872857986308875e-02,1.533870743080271125e-02,-4.214098396253747048e-01
4.064875000000000000e+10,3.082268659154032697e-01,-8.606860213587341768e-02,-4.345752338348091159e-02,1.248407069803068314e-01,-7.267458100669125891e-03,6.872426016592526887e-02,2.706606321128204179e-03,-4.090318485420855743e-01
4.089812500000000000e+10,3.174196436927789189e-01,-9.090725902292563776e-02,-2.641571345258521969e-02,1.261687131490795699e-01,-6.789149651583170630e-04,6.946892156126115159e-02,-8.534517150344977932e-03,-3.959115763330505744e-01
4.114750000000000000e+10,3.252053936134510770e-01,-9.865458989575817683e-02,-9.969282796584639714e-03,1.255261092603763007e-01,5.779981260776154151e-03,6.923322611544104055e-02,-1.830036948325131779e-02,-3.822796902210725545e-01
4.139687500000000000e+10,3.308689734655078096e-01,-1.085761324123941246e-01,5.791963708151380216e-03,1.231919623437753158e-01,1.194194086057414304e-02,6.814713705510222486e-02,-2.655961998605783914e-02,-3.683950819285057854e-01
4.164625000000000000e+10,3.340149563191261439e-01,-1.198396573696994261e-01,2.088093266403077963e-02,1.193621134427796382e-01,1.769782631224124311e-02,6.635104876399917917e-02,-3.335128426103220467e-02,-3.545269383621647563e-01
4.189562500000000000e+10,3.345312847301639692e-01,-1.316226117372734927e-01,3.535151053132155191e-02,1.141198881175528451e-01,2.298151128003958141e-02,6.397915444779810057e-02,-3.879146031897041241e-02,-3.409248607542719189e-01
4.214500000000000000e+10,3.325335641826241972e-01,-1.431798138281667743e-01,4.923519089518786640e-02,1.074377180108295887e-01,2.775488525624884850e-02,6.115546335570014314e-02,-4.306112804445908632e-02,-3.277871824759071018e-01
4.239437500000000000e+10,3.283101306386694840e-01,-1.538791623104656392e-01,6.248719447551028677e-02,9.920456585252268589e-02,3.199970609535921634e-02,5.799770471759973373e-02,-4.637866266263593329e-02,-3.152428075981084654e-01
4.264375000000000000e+10,3.222777768467501303e-01,-1.632186211229574579e-01,7.494932478663419995e-02,8.927241714853909049e-02,3.571829117019916650e-02,5.462183020323438387e-02,-4.897393582531887196e-02,-3.033523395507359277e-01
4.289312500000000000e+10,3.149485596305975910e-01,-1.708374070991365845e-01,8.633427997077074145e-02,7.751471204590951181e-02,3.894001738052998290e-02,5.114074910613652936e-02,-5.107805416271279236e-02,-2.921147001519789344e-01
4.314250000000000000e+10,3.069011868049404401e-01,-1.765298300469159420e-01,9.623463767144346814e-02,6.388909764679942538e-02,4.172745358558127560e-02,4.765454052829895537e-02,-5.292018710593796721e-02,-2.814582992390901039e-01
4.339187500000000000e+10,2.987472715257520894e-01,-1.802631638554396121e-01,1.041582792117206474e-01,4.849555828755168496e-02,4.417554982249175671e-02,4.423387718612747238e-02,-5.470344458024859607e-02,-2.712165866813648352e-01
4.364125000000000000e+10,2.910841896021592601e-01,-1.821931557760193554e-01,1.095892495001052902e-01,3.161898965858728899e-02,4.639939521732062283e-02,4.090238603462596073e-02,-5.654322232450029184e-02,-2.611200559063462934e-01
4.389062500000000000e+10,2.844326071949533352e-01,-1.826649817589010016e-01,1.120678460839734519e-01,1.374410641106259268e-02,4.851037603811466509e-02,3.762614966582715492e-02,-5.839124517552756605e-02,-2.508439430760335265e-01
4.414000000000000000e+10,2.791664510353408790e-01,-1.821867571806405905e-01,1.112765178834480700e-01,-4.467227576311250288e-03,5.058639500932254895e-02,3.431789342586664265e-02,-5.999995185400796432e-02,-2.401167670720561753e-01
4.438937500000000000e+10,2.754522498975403022e-01,-1.813691716379440821e-01,1.071118507662338348e-01,-2.223854508245636658e-02,5.264650323109294761e-02,3.085838376497180430e-02,-6.097089288967641463e-02,-2.288451172034878800e-01
4.463875000000000000e+10,2.732180451877216920e-01,-1.808372050214854254e-01,9.972213058758754023e-02,-3.877135280843490434e-02,5.464028783077074652e-02,2.712987932219567203e-02,-6.088244244491641116e-02,-2.171877115009628878e-01
4.488812500000000000e+10,2.721658518620791445e-01,-1.811327459051850497e-01,8.949790504329654950e-02,-5.334616635245573169e-02,5.645670125518706395e-02,2.305067560290443088e-02,-5.944421348053336579e-02,-2.055344889056221758e-01
4.513750000000000000e+10,2.718275498221671693e-01,-1.826329835021460735e-01,7.701789914762217915e-02,-6.540591994253837360e-02,5.794897806810526270e-02,1.859958464782723517e-02,-5.661059980352457777e-02,-1.943945995593860665e-01
4.538687500000000000e+10,2.716491098568743490e-01,-1.855045885970080244e-01,6.296760775645517116e-02,-7.460209880329689291e-02,5.896671793385228899e-02,1.382426297400220563e-02,-5.260658355897569055e-02,-1.842384786229168125e-01
4.563625000000000000e+10,2.710801680052059015e-01,-1.897005195904792330e-01,4.805501952888271283e-02,-8.079843297836034055e-02,5.938565670129358764e-02,8.833945416653363886e-03,-4.785744600392666942e-02,-1.753556879237155308e-01
4.588562500000000000e+10,2.696484025202700030e-01,-1.949922758484220475e-01,3.294412173438868163e-02,-8.404174673173071819e-02,5.912900794349423839e-02,3.781600021743492402e-03,-4.285150471202270328e-02,-1.677810445312952203e-01
4.613500000000000000e+10,2.670077604417263051e-01,-2.010223940504795859e-01,1.821559011570523731e-02,-8.451745542163537073e-02,5.817856216284363058e-02,-1.158531441316040756e-03,-3.798917442255746874e-02,-1.613136843620840144e-01
4.638437500000000000e+10,2.629600443239483720e-01,-2.073619042814986435e-01,4.352200020883193257e-03,-8.250617203717476589e-02,5.657665468573329359e-02,-5.813505544706567239e-03,-3.347500125376303565e-02,-1.556174214040932091e-01
4.663375000000000000e+10,2.574559114737767218e-01,-2.135626535068287091e-01,-8.260636744420381261e-03,-7.835088308877098673e-02,5.442112329679998917e-02,-1.003189664067395681e-02,-2.929020710892521820e-02,-1.503598475825142500e-01
4.688312500000000000e+10,2.505827557288874408e-01,-2.192006139806833842e-01,-1.932973873766845666e-02,-7.243603499199237350e-02,5.185515483026652966e-02,-1.370068570224694526e-02,-2.524965042188872383e-02,-1.453353480503576933e-01
4.713250000000000000e+10,2.425448529771796202e-01,-2.239104355862328311e-01,-2.865150731233789480e-02,-6.517430127580732535e-02,4.905323296968107372e-02,-1.675857070699504278e-02,-2.111454140283677491e-02,-1.405282443395422798e-01
4.738187500000000000e+10,2.336381403659062994e-01,-2.274126337816925192e-01,-3.611401439482482545e-02,-5.699494538675647926e-02,4.620363510060034040e-02,-1.920550557981283088e-02,-1.671486387994998782e-02,-1.360992770916271133e-01
4.763125000000000000e+10,2.242201032086000301e-01,-2.295337657498346673e-01,-4.170213762609339264e-02,-4.832867809112087465e-02,4.348741054441293552e-02,-2.110763804075062658e-02,-1.203787443936010781e-02,-1.323078069051037975e-01
4.788062500000000000e+10,2.146751993384879709e-01,-2.302183785040239905e-01,-4.550176623774144363e-02,-3.958617446030614218e-02,4.105407008828302479e-02,-2.259565776683052779e-02,-7.256208504609343128e-03,-1.294019999795052445e-01
4.813000000000000000e+10,2.053775172262436444e-01,-2.295308042546676253e-01,-4.769810695867280487e-02,-3.112997121724049923e-02,3.899579673138638125e-02,-2.385365149903649964e-02,-2.691842504519851957e-03,-1.275152658033122111e-01
4.837937500000000000e+10,1.966537785140288486e-01,-2.276454845042049646e-01,-4.856302388499724593e-02,-2.324221819892914945e-02,3.732454654886978307e-02,-2.509605491124474591e-02,1.267712562163950639e-03,-1.266005718320112605e-01
4.862875000000000000e+10,1.887504256061099672e-01,-2.248259264018581116e-01,-4.842744506663190784e-02,-1.609384617770580339e-02,3.595864906052918808e-02,-2.653291621168078068e-02,4.272300237545875040e-03,-1.264192870613956021e-01
4.887812500000000000e+10,1.818082319706931238e-01,-2.213937287112362762e-01,-4.763790324356721728e-02,-9.723582600724433450e-03,3.472577171086611847e-02,-2.832797108378619713e-02,6.100151506089612763e-03,-1.265834164057167144e-01
4.912750000000000000e+10,1.758472664056588974e-01,-2.176898017083340187e-01,-4.650146413887405045e-02,-4.036390998202186650e-03,3.338638885372416376e-02,-3.055832073286452941e-02,6.713218941501027277e-03,-1.266350483244101655e-01
4.937687500000000000e+10,1.707649498229352192e-01,-2.140302830023934622e-01,-4.522947013652040688e-02,1.171418795523222842e-03,3.167654274005336085e-02,-3.318676826652903339e-02,6.265938939733203122e-03,-1.261387212128655400e-01
4.962625000000000000e+10,1.663504036988222023e-01,-2.106608426845091586e-01,-4.389511174875310867e-02,6.159712980122633574e-03,2.936230236469599200e-02,-3.605665123418820561e-02,5.070412592232003725e-03,-1.247625297037450315e-01
4.987562500000000000e+10,1.623179246234490447e-01,-2.077159035624457362e-01,-4.241978207675392576e-02,1.117345238731416723e-02,2.629315722123721014e-02,-3.891402287961012035e-02,3.531453334451241377e-03,-1.223303809420830807e-01
5.012500000000000000e+10,1.583591223603354747e-01,-2.051927823838925746e-01,-4.059663456554388206e-02,1.637052801867651397e-02,2.243983490969038430e-02,-4.145433338141139845e-02,2.069974313868629037e-03,-1.188375068848198657e-01
5.037437500000000000e+10,1.542063844628054348e-01,-2.029517050000820000e-01,-3.814794985868624061e-02,2.176935176250030524e-02,1.790515452571796520e-02,-4.338272381310813441e-02,1.052929806336884173e-03,-1.144310441601494033e-01
5.062375000000000000e+10,1.496926498244601778e-01,-2.007478070636084522e-01,-3.480067446426199362e-02,2.723180285384338775e-02,1.290425327868280000e-02,-4.447192672161600496e-02,7.436573845915782008e-04,-1.093651556754030724e-01
5.087312500000000000e+10,1.447892771304886694e-01,-1.982907495571840650e-01,-3.035824588227741330e-02,3.248475780833468690e-02,7.720194660644284605e-03,-4.460227096131796215e-02,1.279480735188321620e-03,-1.039444619374454842e-01
5.112250000000000000e+10,1.396088315452169437e-01,-1.953163210666264971e-01,-2.475021124793957278e-02,3.717011205152827985e-02,2.648372277620941826e-03,-4.377460358306631272e-02,2.675759147262131953e-03,-9.846970314855113537e-02
5.137187500000000000e+10,1.343714130541290852e-01,-1.916488743652592641e-01,-1.805187775775925901e-02,4.090602696506789870e-02,-2.054993906335706323e-03,-4.209608089795164459e-02,4.849530078782670825e-03,-9.319589403843860087e-02
5.162125000000000000e+10,1.293457097330345529e-01,-1.872367874389557207e-01,-1.047751723104805958e-02,4.334392142800463921e-02,-6.208695156206260786e-03,-3.974640592248066678e-02,7.653250768555990881e-03,-8.830755401880205357e-02
5.187062500000000000e+10,1.247832980118103174e-01,-1.821530407551782138e-01,-2.356374704542800458e-03,4.421328299077297019e-02,-9.721604285436603182e-03,-3.693543935837502457e-02,1.091004557945004713e-02,-8.391038629353710088e-02
5.212000000000000000e+10,1.208647349812358024e-01,-1.765642208545593062e-01,5.900395444715038351e-03,4.335363120053927627e-02,-1.258772362609442315e-02,-3.386238171571712835e-02,1.444483584255107020e-02,-8.003580411272814832e-02
5.236937500000000000e+10,1.176704941024973999e-01,-1.706795616669138649e-01,1.383834416924921255e-02,4.073565217282887341e-02,-1.486549638795882193e-02,-3.068398626530307802e-02,1.810879448611032658e-02,-7.665417826242092170e-02
5.261875000000000000e+10,1.151818710083407638e-01,-1.646955200137067143e-01,2.100368771886597374e-02,3.647152407205576929e-02,-1.664722965324338597e-02,-2.749641385134062727e-02,2.179643549102422417e-02,-7.369360178507623760e-02
5.286812500000000000e+10,1.133089197869089210e-01,-1.587511677093964568e-01,2.699161994388575569e-02,3.081096807878303673e-02,-1.802516871016499392e-02,-2.433295569485154075e-02,2.545514748579973466e-02,-7.106203544141696804e-02
5.311750000000000000e+10,1.119356260510473849e-01,-1.529060115598991354e-01,3.149367011693509494e-02,2.411855339204123372e-02,-1.906114929507959563e-02,-2.117747605018183155e-02,2.908675582070826757e-02,-6.867110046671674739e-02
5.336687500000000000e+10,1.109681385718411240e-01,-1.471453543811036269e-01,3.433432398601604651e-02,1.683140163563559902e-02,-1.976647569625085421e-02,-1.799063721218296941e-02,3.274055330860822094e-02,-6.645948322809490383e-02
5.361625000000000000e+10,1.103772989561604134e-01,-1.414061809158406180e-01,3.560355415744816815e-02,9.371714032388478791e-03,-2.013403894187994897e-02,-1.475344870341740305e-02,3.658515173285575850e-02,-6.431914665774499107e-02
5.386562500000000000e+10,1.101907040624163087e-01,-1.356295176058333052e-01,3.529118158153904394e-02,2.160769054223188324e-03,-2.004235021373494685e-02,-1.146103199124963445e-02,4.063490066712253240e-02,-6.238569376345447226e-02
5.411500000000000000e+10,1.104999326526128339e-01,-1.298052257838581969e-01,3.345403121890476450e-02,-4.424321791644003111e-03,-1.933843669849831179e-02,-8.178911786620352703e-03,4.484306052372751678e-02,-6.089890146629127476e-02
5.436437500000000000e+10,1.114425667423766253e-01,-1.239963175324056005e-01,3.052317650941040184e-02,-1.016064163653365368e-02,-1.798902548923538361e-02,-5.085525406658956971e-03,4.931695144417266863e-02,-5.991698083152622450e-02
5.461375000000000000e+10,1.131157412768489245e-01,-1.183543644952650548e-01,2.678885542984190543e-02,-1.492270935564170634e-02,-1.598645634453220096e-02,-2.396866809916090892e-03,5.396455778000671527e-02,-5.964505302853241597e-02
5.486312500000000000e+10,1.155429465584897897e-01,-1.130952613822132774e-01,2.252405632278647873e-02,-1.867047624805925204e-02,-1.342516241436025361e-02,-3.518334738019791678e-04,5.857620416340013347e-02,-6.026926609915601168e-02
5.511250000000000000e+10,1.186428726187642307e-01,-1.084545415376242938e-01,1.796658255359698600e-02,-2.142790255295646401e-02,-1.051433726957360336e-02,8.420129166442971973e-04,6.282695683576619561e-02,-6.189322033862632716e-02
5.536187500000000000e+10,1.222258485011375184e-01,-1.046303464893513502e-01,1.331067594748117262e-02,-2.326293297571075877e-02,-7.560349605280400516e-03,1.067861858549223062e-03,6.631464589558923317e-02,-6.447315406060208365e-02
5.561125000000000000e+10,1.260213844565734875e-01,-1.017308167849532569e-01,8.703774918132099053e-03,-2.426989009315740076e-02,-4.917482247440668579e-03,3.464344322790331634e-04,6.863462682871959708e-02,-6.777356032536296926e-02
5.586062500000000000e+10,1.297301415811513425e-01,-9.974247136084311849e-02,4.246931636043655908e-03,-2.455280562242940362e-02,-2.916787571425971323e-03,-1.147154121473372649e-03,6.947810907741723552e-02,-7.136467758362771696e-02
5.611000000000000000e+10,1.330851798287623344e-01,-9.852966553386699466e-02,1.336108112139251791e-07,-2.420940562054736678e-02,-1.792281499205614081e-03,-3.105802719875972590e-03,6.872835496899280805e-02,-7.467331757135715897e-02
5.635937500000000000e+10,1.359043849614409993e-01,-9.786483876527515835e-02,-4.006301706248813210e-03,-2.331814180262125821e-02,-1.626568728805504556e-03,-5.148771979290845367e-03,6.652470165863835772e-02,-7.708169559794902925e-02
5.660875000000000000e+10,1.381197489017816638e-01,-9.747937192284546193e-02,-7.755583732719958413e-03,-2.193194778579349996e-02,-2.332564657118370646e-03,-6.900499649218826310e-03,6.327116764034114438e-02,-7.805194723527907052e-02
5.685812500000000000e+10,1.397776935423198641e-01,-9.711943901999306461e-02,-1.122764432455902565e-02,-2.008120586693838000e-02,-3.676480942787357931e-03,-8.067922781077605313e-03,5.958231206827240001e-02,-7.724400421344290724e-02
5.710750000000000000e+10,1.410139835169096079e-01,-9.659184773196577423e-02,-1.438707196333012008e-02,-1.778556705886254544e-02,-5.334621899902132307e-03,-8.495805025053541210e-03,5.617775889497931413e-02,-7.459561176900522672e-02
5.735687500000000000e+10,1.420132881523212265e-01,-9.579023463362784652e-02,-1.718066678098204014e-02,-1.507109750835011926e-02,-6.967776009008263063e-03,-8.187429953570848559e-03,5.375106843078863300e-02,-7.034456566814044354e-02
5.760625000000000000e+10,1.429654311519460985e-01,-9.469906814902233350e-02,-1.954746611366850462e-02,-1.198644375245214513e-02,-8.294417757908090563e-03,-7.288112934493574772e-03,5.284382082663128394e-02,-6.498956905931613237e-02
5.785562500000000000e+10,1.440284830365986812e-01,-9.337881127178873641e-02,-2.144052341800955011e-02,-8.609552411297191968e-03,-9.146378308974797283e-03,-6.037328835316701017e-03,5.375166423637978141e-02,-5.920129109758508895e-02
5.810500000000000000e+10,1.453050890645628257e-01,-9.193896651593183589e-02,-2.285394904108351347e-02,-5.035780091200412791e-03,-9.495019594982960845e-03,-4.700567879855373568e-03,5.647868664126390326e-02,-5.370494558141337277e-02
5.835437500000000000e+10,1.468344916944113732e-01,-9.050689186837353184e-02,-2.384057491253598060e-02,-1.341678280850975083e-03,-9.440363040683590404e-03,-3.496003032766836684e-03,6.074397071168583656e-02,-4.915816756068457083e-02
5.860375000000000000e+10,1.485990340742428528e-01,-8.920012598864053566e-02,-2.449848767660916735e-02,2.469506240444088035e-03,-9.161713179057000278e-03,-2.535684950341351475e-03,6.603425502617270293e-02,-4.604357742469072923e-02
5.885312500000000000e+10,1.505401024970501600e-01,-8.810836843010755315e-02,-2.490816572245266661e-02,6.513895180106718183e-03,-8.840100190381455433e-03,-1.804170767017833701e-03,7.169352083668568965e-02,-4.458831238429931260e-02
5.910250000000000000e+10,1.525754467370246670e-01,-8.728676876839129573e-02,-2.502691116421824902e-02,1.101982161038075371e-02,-8.580487084422412994e-03,-1.191009359188775979e-03,7.704296897468658478e-02,-4.472115063585321848e-02
5.935187500000000000e+10,1.546115219810487162e-01,-8.675536545798935573e-02,-2.458947382582863522e-02,1.623118121468873978e-02,-8.373937567430189341e-03,-5.696274588201717020e-04,8.152186624881156696e-02,-4.608553529062802551e-02
5.960125000000000000e+10,1.565528495287150379e-01,-8.649706391164449504e-02,-2.309154870376559435e-02,2.223457001396964006e-02,-8.127579643703116211e-03,1.184668605336826287e-04,8.481911617533542669e-02,-4.813024345569003742e-02
5.985062500000000000e+10,1.583169221091735024e-01,-8.645489014559420982e-02,-1.990720825050101492e-02,2.878900730104223468e-02,-7.747757781666340243e-03,8.298934976304691170e-04,8.693880066212725244e-02,-5.027423094015819743e-02
6.010000000000000000e+10,1.598557200822866287e-01,-8.654002840204375047e-02,-1.451359537104489859e-02,3.526130681438885417e-02,-7.218050138995187916e-03,1.461918992001997025e-03,8.814860147633749032e-02,-5.208906280392834598e-02
6.034937500000000000e+10,1.611693465375474144e-01,-8.665734840369489211e-02,-6.723320141255553772e-03,4.072106181685405252e-02,-6.613262988144425619e-03,1.938445341725005943e-03,8.881881145015531331e-02,-5.340692355001299546e-02
6.059875000000000000e+10,1.622962330400389841e-01,-8.673563788150136233e-02,3.183419921772800282e-03,4.416123130050390866e-02,-6.041215883846643396e-03,2.271889954813287489e-03,8.923391517870515877e-02,-5.429179388252475258e-02
6.084812500000000000e+10,1.632839911402124422e-01,-8.673999167742704741e-02,1.447768404185708485e-02,4.475010530882659460e-02,-5.560541293289108719e-03,2.556072938605117618e-03,8.948246567990592037e-02,-5.489394874872502439e-02
6.109750000000000000e+10,1.641631629131298231e-01,-8.665765708518527455e-02,2.612858032548389178e-02,4.202086313377575988e-02,-5.134868220844033930e-03,2.901043106129041604e-03,8.948122162735216989e-02,-5.527858763440263168e-02
6.134687500000000000e+10,1.649429169461731071e-01,-8.647058045381074420e-02,3.701016263988615718e-02,3.594860381795165344e-02,-4.649228309212458631e-03,3.358589686767620569e-03,8.910745104179365605e-02,-5.532661941912905140e-02
6.159625000000000000e+10,1.656292298218745018e-01,-8.613590607973686808e-02,4.609628754260244182e-02,2.691642887367901027e-02,-3.970733647579595578e-03,3.882971536655291205e-03,8.835856865437288765e-02,-5.475422825824779322e-02
6.184562500000000000e+10,1.662514647709344151e-01,-8.558650158140854169e-02,5.259512368659158277e-02,1.560758795029045312e-02,-3.015649574663189017e-03,4.341088025673844018e-03,8.745783051665111107e-02,-5.323209522271628302e-02
6.209500000000000000e+10,1.668819496316254758e-01,-8.474968467515305026e-02,5.600822970000664258e-02,2.871975625311328460e-03,-1.792686680823678182e-03,4.558720137994399374e-03,8.686316975755370429e-02,-5.054526267199487694e-02
6.234437500000000000e+10,1.676405103277222031e-01,-8.357466044978462127e-02,5.612636320768977366e-02,-1.039349299360313797e-02,-4.113247820017606766e-04,4.379264093988129679e-03,8.718079262306346888e-02,-4.673098472493855682e-02
6.259375000000000000e+10,1.686834396709880890e-01,-8.205904858932133727e-02,5.298782852015956890e-02,-2.332965402411815714e-02,9.411921461927025669e-04,3.715134327051832809e-03,8.901426983804361370e-02,-4.215062052860332753e-02
6.284312500000000000e+10,1.701801537152914101e-01,-8.026789554558642903e-02,4.682568391703050004e-02,-3.516233150950089092e-02,2.044213042360555621e-03,2.579831849410374380e-03,9.279122957375858516e-02,-3.747501564775986005e-02
6.309250000000000000e+10,1.722818159800003912e-01,-7.834100417139776285e-02,3.802253047935816310e-02,-4.522173560127271813e-02,2.697986329746062360e-03,1.094604402260453569e-03,9.861091602584172444e-02,-3.358273288341389468e-02
6.334187500000000000e+10,1.750869081259566473e-01,-7.648560043306536216e-02,2.708109976478124611e-02,-5.294907297392918710e-02,2.775745566995921169e-03,-5.323425374079702229e-04,1.061524683903384697e-01,-3.138781923433796306e-02
6.359125000000000000e+10,1.786102898797261862e-01,-7.495265442185443383e-02,1.460879000706474633e-02,-5.790483066818324226e-02,2.260337529304457319e-03,-2.051365911663604290e-03,1.146752235677176296e-01,-3.163105013297303619e-02
6.384062500000000000e+10,1.827640431227304241e-01,-7.399814771170362682e-02,1.306603375975112086e-03,-5.978798166386741636e-02,1.253016449197274238e-03,-3.231956933269103296e-03,1.231248421812247557e-01,-3.468386003332927375e-02
6.409000000000000000e+10,1.873583434763604894e-01,-7.383557622419882616e-02,-1.205069265279026455e-02,-5.846686658029753153e-02,-5.218013197382659341e-05,-3.921215634508771510e-03,1.303316435533846962e-01,-4.042016616627409908e-02
6.433937500000000000e+10,1.921267553987495158e-01,-7.459132859048507591e-02,-2.465428938520372593e-02,-5.401302964413087077e-02,-1.423631673719391762e-03,-4.079657515485719636e-03,1.352567290582600001e-01,-4.819989350422701491e-02
6.458875000000000000e+10,1.967725271620618110e-01,-7.627693157526108103e-02,-3.572400700039404797e-02,-4.672255962996880313e-02,-2.658744560072524594e-03,-3.779051598709363188e-03,1.372204687938256007e-01,-5.697761129687439058e-02
6.483812500000000000e+10,2.010235934270299951e-01,-7.878844919657765344e-02,-4.458554462324985229e-02,-3.710938758072202664e-02,-3.635958394230065158e-03,-3.161544819472440933e-03,1.360492613342512425e-01,-6.550985749432122751e-02
6.508750000000000000e+10,2.046792044737091032e-01,-8.193365837379359973e-02,-5.074446668361781015e-02,-2.586287778719389974e-02,-4.330315100129739081e-03,-2.377273010923402433e-03,1.321026206795852531e-01,-7.260288816730374462e-02
6.533687500000000000e+10,2.076342723877080687e-01,-8.547652263613160495e-02,-5.393689987592073520e-02,-1.377489590442453407e-02,-4.787159101001687948e-03,-1.528915558057022516e-03,1.261824488869614513e-01,-7.733362881881271356e-02
6.558625000000000000e+10,2.098776717591948615e-01,-8.918248874288851880e-02,-5.414383312155080646e-02,-1.653033828704624821e-03,-5.069173703676455381e-03,-6.485038111738970767e-04,1.193613525802441344e-01,-7.919317637839230761e-02
6.583562500000000000e+10,2.114718610200539139e-01,-9.285089937464782728e-02,-5.156866712559558807e-02,9.759122074600895189e-03,-5.205019311218350535e-03,2.851034686363252595e-04,1.127827400800024832e-01,-7.813365240954095459e-02
6.608500000000000000e+10,2.125265727317021125e-01,-9.632997518145244853e-02,-4.658972637536385603e-02,1.983882754106505372e-02,-5.165508911321540012e-03,1.300888453889179758e-03,1.074796807307019375e-01,-7.452936299116762198e-02
6.633437500000000000e+10,2.131767030590338008e-01,-9.951881495191380878e-02,-3.970485522660747307e-02,2.811341725713442305e-02,-4.877145671941311884e-03,2.388600724513989006e-03,1.042405243584588748e-01,-6.908027202643032827e-02
6.658375000000000000e+10,2.135674521160748351e-01,-1.023643107074301006e-01,-3.148194303709060671e-02,3.426819660927413191e-02,-4.262899269076188963e-03,3.474407453534774509e-03,1.035293126342010511e-01,-6.268754413390544011e-02
6.683312500000000000e+10,2.138439288959034235e-01,-1.048583956873786610e-01,-2.252022926710035844e-02,3.814427578223660020e-02,-3.287766795127767573e-03,4.429592208439239384e-03,1.054565685785865403e-01,-5.632329003858136535e-02
6.708250000000000000e+10,2.141409804941734885e-01,-1.070362941369372017e-01,-1.341851363559247445e-02,3.973497732910932084e-02,-1.987497795798959244e-03,5.105457306299129167e-03,1.097923840491339398e-01,-5.090791131705331429e-02
6.733187500000000000e+10,2.145711249680197774e-01,-1.089731916079400703e-01,-4.743029108078914910e-03,3.918214282486597033e-02,-4.699409892297968898e-04,5.376906933565514697e-03,1.160146791580017045e-01,-4.720357146773058316e-02
6.758125000000000000e+10,2.152115631645954430e-01,-1.107762817712328179e-01,3.009195851194152154e-03,3.676712592378925115e-02,1.108078852478472983e-03,5.176821499670469784e-03,1.233862227134909090e-01,-4.573121618896980323e-02
6.783062500000000000e+10,2.160934316468691718e-01,-1.125707176203590149e-01,9.449171363179667896e-03,3.288953051056221766e-02,2.576580677361389390e-03,4.510679358849026092e-03,1.310524718861916793e-01,-4.671827208334076303e-02
6.808000000000000000e+10,2.171971227534128246e-01,-1.144804317606758493e-01,1.432926549344588386e-02,2.803029241318697601e-02,3.787398580722888160e-03,3.450378607565888264e-03,1.381495713091525634e-01,-5.008221994895092205e-02
6.832937500000000000e+10,2.184565979042576156e-01,-1.166072115775264040e-01,1.756205267407836765e-02,2.270188418915014550e-02,4.638458447309207720e-03,2.113282226084549700e-03,1.439100183981998349e-01,-5.545135532975073445e-02
6.857875000000000000e+10,2.197733258279510604e-01,-1.190130038270054841e-01,1.921890020899523488e-02,1.739368384618761657e-02,5.083377224588831941e-03,6.353552004682246936e-04,1.477537260629743776e-01,-6.221946294667541483e-02
6.882812500000000000e+10,2.210374273792053701e-01,-1.217103783541148981e-01,1.950805678614934285e-02,1.252246631259767290e-02,5.127626419565718685e-03,-8.535638029321395044e-04,1.493543068908464999e-01,-6.962722404294313661e-02
6.907750000000000000e+10,2.221509937988448702e-01,-1.246641097270948795e-01,1.873719079279949004e-02,8.396203819176720901e-03,4.815661961742849148e-03,-2.247197943440843500e-03,1.486734780338473672e-01,-7.686055701014887775e-02
6.932687500000000000e+10,2.230475665638152194e-01,-1.278035693379714344e-01,1.726814856199667542e-02,5.195301910299467141e-03,4.214345538938354431e-03,-3.471146181427152422e-03,1.459598101695615546e-01,-8.315459920775621072e-02
6.957625000000000000e+10,2.237029045447649356e-01,-1.310423758489634716e-01,1.547169568520593945e-02,2.971100348912125710e-03,3.397240077369820341e-03,-4.482928559702554876e-03,1.417114459363877921e-01,-8.789126257665547115e-02
6.982562500000000000e+10,2.241349137770262123e-01,-1.342998046239846088e-01,1.368802250164398437e-02,1.658487710613259147e-03,2.432777245325371245e-03,-5.266186664161119288e-03,1.366061567603648330e-01,-9.067812825688678635e-02
7.007500000000000000e+10,2.243938420068252448e-01,-1.375184165983145412e-01,1.219620938731751092e-02,1.098308967710305648e-03,1.377584212331004615e-03,-5.821966245398394781e-03,1.314064277159033844e-01,-9.139731938896712704e-02
7.032437500000000000e+10,2.245463870396436079e-01,-1.406740274693423776e-01,1.119373998179626871e-02,1.065461231502497046e-03,2.748536734922191671e-04,-6.159755383196798342e-03,1.268518534330277114e-01,-9.021570093295966375e-02
7.057375000000000000e+10,2.246585072446885545e-01,-1.437767316862894884e-01,1.078592946319515203e-02,1.299374243144565304e-03,-8.433042035833334749e-04,-6.290291812719882650e-03,1.235548910895720026e-01,-8.755289586069857355e-02
7.082312500000000000e+10,2.247813097786588166e-01,-1.468642826405839319e-01,1.098462407192721604e-02,1.534309387494868417e-03,-1.951099854456884997e-03,-6.221344995801444955e-03,1.219173005899475970e-01,-8.401088775820093890e-02
7.107250000000000000e+10,2.249427907284386186e-01,-1.499909280782329990e-01,1.171530470676291312e-02,1.527332004611896754e-03,-3.023617803606226413e-03,-5.956869402135980818e-03,1.220820071863929490e-01,-8.027685353605093499e-02
7.132187500000000000e+10,2.251460850272920811e-01,-1.532153917649017316e-01,1.283145038848989769e-02,1.082016730257760609e-03,-4.032275729043905202e-03,-5.499197461310018770e-03,1.239284693724378300e-01,-7.701688512399956776e-02
7.157125000000000000e+10,2.253729830271304357e-01,-1.565911035611467494e-01,1.413458647674849938e-02,6.617836692346363387e-05,-4.942410563717007481e-03,-4.853357017893673506e-03,1.271104672078680331e-01,-7.478013544092947107e-02
7.182062500000000000e+10,2.255903285095502975e-01,-1.601604067520398800e-01,1.539796863061353160e-02,-1.577638748054362508e-03,-5.713673379259524669e-03,-4.032217885646748913e-03,1.311263482087467735e-01,-7.392977972667276465e-02
7.207000000000000000e+10,2.257567325096750399e-01,-1.639528928439261124e-01,1.639152049458586502e-02,-3.829512124197180511e-03,-6.303286493193275240e-03,-3.061039189533237403e-03,1.354059784833342162e-01,-7.461009932292111957e-02
7.231937500000000000e+10,2.258276713088542276e-01,-1.679867628247240507e-01,1.690557700983173067e-02,-6.597146735391872310e-03,-6.671596277789243121e-03,-1.980117433995040848e-03,1.393974288014796503e-01,-7.675049816867296482e-02
7.256875000000000000e+10,2.257581081145253465e-01,-1.722715056192114791e-01,1.677120642202812109e-02,-9.727588839127974257e-03,-6.788840590698694798e-03,-8.446029416910852058e-04,1.426394066884010547e-01,-8.010007017315647071e-02
7.281812500000000000e+10,2.255028548175188607e-01,-1.768102618302585805e-01,1.587533970206046058e-02,-1.302407456227604524e-02,-6.641725803017681229e-03,2.788947513572202189e-04,1.448108653982745353e-01,-8.428217586770632430e-02
7.306750000000000000e+10,2.250156369993779604e-01,-1.816008243663832233e-01,1.416955653643315466e-02,-1.626599955218716725e-02,-6.238340586286585457e-03,1.318637080067176087e-03,1.457549586762304505e-01,-8.885762934305885263e-02
7.331687500000000000e+10,2.242480818783159635e-01,-1.866350229600692023e-01,1.167210211272601966e-02,-1.922977513808935002e-02,-5.610157231564806557e-03,2.206100685321648290e-03,1.454790079706999306e-01,-9.338666422371635911e-02
7.356625000000000000e+10,2.231496384392813170e-01,-1.918969510040958726e-01,8.463474852729368364e-03,-2.170836711239204631e-02,-4.810373923223760194e-03,2.884907334154413264e-03,1.441348079622814249e-01,-9.748252004050261821e-02
7.381562500000000000e+10,2.216689235175741679e-01,-1.973609105559851196e-01,4.676641605519746801e-03,-2.352761701723150162e-02,-3.908556223960119209e-03,3.318669765468402859e-03,1.419846533652920628e-01,-1.008521533778144047e-01
7.406500000000000000e+10,2.197563928280015788e-01,-2.029899976127761685e-01,4.834880905097446811e-04,-2.455800091959297812e-02,-2.982301961255521931e-03,3.496191001219895768e-03,1.393585837323605969e-01,-1.033216670920723279e-01
7.431437500000000000e+10,2.173677693756342899e-01,-2.087359810685421035e-01,-3.920607035599826470e-03,-2.472119933578499282e-02,-2.107303746050737288e-03,3.432913773912857087e-03,1.366081522765998923e-01,-1.048455628227427244e-01
7.456375000000000000e+10,2.144674480459477506e-01,-2.145406923997316140e-01,-8.332225207228951408e-03,-2.399159312095785687e-02,-1.347555029748702480e-03,3.168236645054291287e-03,1.340618473584957449e-01,-1.055001895805038475e-01
7.481312500000000000e+10,2.110311501881279861e-01,-2.203387097948742712e-01,-1.255386355084992488e-02,-2.239341442469712160e-02,-7.474425529743978971e-04,2.759128998025394981e-03,1.319870503968168796e-01,-1.054631271937085946e-01
7.506250000000000000e+10,2.070473509130036915e-01,-2.260608202270379952e-01,-1.640537323066873152e-02,-1.999466351328680475e-02,-3.270906794736918709e-04,2.271195956095770421e-03,1.305627694397805960e-01,-1.049817869659457337e-01
7.531187500000000000e+10,2.025173279706508900e-01,-2.316376304637712547e-01,-1.973240896674142986e-02,-1.689901990299098183e-02,-8.166774229375074723e-05,1.768801725516687927e-03,1.298660464631557487e-01,-1.043359566643730502e-01
7.556125000000000000e+10,1.974539777857384493e-01,-2.370027553901662698e-01,-2.241189013550258860e-02,-1.323687021209700790e-02,1.540635558224881044e-05,1.305963500346759079e-03,1.298729017301595567e-01,-1.037998701719460848e-01
7.581062500000000000e+10,1.918978119781980796e-01,-2.421045092964234646e-01,-2.441395663096814286e-02,-9.151071886840989739e-03,7.221543113238883859e-06,9.222561359545535919e-04,1.304837927440967715e-01,-1.035874419933836554e-01
7.606000000000000000e+10,1.858965710827773510e-01,-2.468989931509520952e-01,-2.574451356625766588e-02,-4.783649276328892121e-03,-5.654293746623582635e-05,6.369805248838532764e-04,1.315408124729462447e-01,-1.038478683439232053e-01
7.630937500000000000e+10,1.793853821788924108e-01,-2.512895166915328771e-01,-2.605793710846578126e-02,-3.029220630601870204e-04,-1.350847108575420970e-04,4.312065766849562491e-04,1.327817863590572967e-01,-1.047959784546278056e-01
7.655875000000000000e+10,1.724645275648158116e-01,-2.552638568014425902e-01,-2.556645378001906957e-02,4.116607573603002328e-03,-1.826418615210964212e-04,2.899073042971141460e-04,1.340129398422381657e-01,-1.063886651274196377e-01
7.680812500000000000e+10,1.651711470092802059e-01,-2.587869504626348904e-01,-2.431071820275101936e-02,8.330405911075975875e-03,-1.757247156134559033e-04,1.763545720639640019e-04,1.350352781604900743e-01,-1.085783219814840800e-01
7.705750000000000000e+10,1.575421891640959304e-01,-2.618273850812281589e-01,-2.235563770610203907e-02,1.220860627058901159e-02,-1.091284055835847863e-04,4.837093149782058845e-05,1.356871208875990720e-01,-1.112641849733856242e-01
7.730687500000000000e+10,1.496144064430887655e-01,-2.643558431860357771e-01,-1.978620284707200555e-02,1.563931290300317467e-02,3.860857812830327361e-06,-1.343209979043578353e-04,1.358549523072984377e-01,-1.143109121312640419e-01
7.755625000000000000e+10,1.414250117492210357e-01,-2.663438266496034879e-01,-1.670310384002373499e-02,1.853095520187540701e-02,1.338487454117161539e-04,-4.034265029817488851e-04,1.354769618698527245e-01,-1.175677168608168927e-01
7.780562500000000000e+10,1.330128214071807646e-01,-2.677628590700923961e-01,-1.321829119225414670e-02,2.081373496927912611e-02,2.397937258756312759e-04,-7.768703816987488145e-04,1.345402494091950951e-01,-1.208857624214715737e-01
7.805500000000000000e+10,1.244196683127873904e-01,-2.685842832228131916e-01,-9.450633458883752128e-03,2.244022654822620116e-02,2.748511527349949547e-04,-1.255583000675931753e-03,1.330731443436176664e-01,-1.241321766662793341e-01
7.830437500000000000e+10,1.156918612685796932e-01,-2.687796894920757018e-01,-5.521813263929398717e-03,2.338521687420290832e-02,1.928187835694181000e-04,-1.822539434340620735e-03,1.311343300269267875e-01,-1.271996712822504871e-01
7.855375000000000000e+10,1.068814839726319604e-01,-2.683219422079370919e-01,-1.552577794309655673e-03,2.364490197734275823e-02,-4.560028261876144590e-05,-2.444045141669384715e-03,1.288005556957289854e-01,-1.300113387032794388e-01
7.880312500000000000e+10,9.804735983529748455e-02,-2.671867198440142643e-01,2.340578928543288108e-03,2.323557866227333665e-02,-4.674295897665246250e-04,-3.073020177392154877e-03,1.261546802799335398e-01,-1.325207757376485884e-01
7.905250000000000000e+10,8.925554621541921529e-02,-2.653544518592013679e-01,6.048273065956711290e-03,2.219197678536728030e-02,-1.083522474907386811e-03,-3.653831354794578878e-03,1.232755961093026098e-01,-1.347082442523882817e-01
7.930187500000000000e+10,8.057925653164754731e-02,-2.628125143344183234e-01,9.470647856396348374e-03,2.056536382329899812e-02,-1.886524039330398847e-03,-4.128074134138751128e-03,1.202311917215693471e-01,-1.365740710311448280e-01
7.955125000000000000e+10,7.209813907722355253e-02,-2.595575311593183998e-01,1.251941132506936491e-02,1.842151897484346768e-02,-2.850856706639857008e-03,-4.440628276493427395e-03,1.170749400274447571e-01,-1.381308140395649253e-01
7.980062500000000000e+10,6.389687054836792890e-02,-2.555976116203969584e-01,1.511957680635252904e-02,1.583862384446284299e-02,-3.934662209534245218e-03,-4.545312305314085782e-03,1.138460192036662710e-01,-1.393957846092599429e-01
8.005000000000000000e+10,5.606305662410260987e-02,-2.509543374561044593e-01,1.721098270656342896e-02,1.290506089021934560e-02,-5.083420546136576887e-03,-4.409539409454355484e-03,1.105722260330250922e-01,-1.403852707534301025e-01
8.029937500000000000e+10,4.868447740854740802e-02,-2.456642966620416479e-01,1.874963374636452393e-02,9.717062937061156369e-03,-6.234799110408691808e-03,-4.017517288762053294e-03,1.072744770789164359e-01,-1.411112970886665152e-01
8.054875000000000000e+10,4.184577470979431585e-02,-2.397799554319471060e-01,1.970884826243720148e-02,6.376131518805462292e-03,-7.324178726512887809e-03,-3.371713814125874495e-03,1.039715231383819549e-01,-1.415811036764811626e-01
8.079812500000000000e+10,3.562474841214387927e-02,-2.333696727920447356e-01,2.008012746171852422e-02,2.986149883529467912e-03,-8.290262001788156060e-03,-2.492504730975677978e-03,1.006836559560810307e-01,-1.417988938665911969e-01
8.104750000000000000e+10,3.008850308883201374e-02,-2.265167023894380793e-01,1.987360064877290514e-02,-3.498373719857543517e-04,-9.080188623870930065e-03,-1.416108661273088060e-03,9.743460203565765254e-02,-1.417689422881653616e-01
8.129687500000000000e+10,2.528975239542442452e-02,-2.193170968203375371e-01,1.911786484963728938e-02,-3.533126714887626241e-03,-9.653653644918856053e-03,-1.910843342177205042e-04,9.425134986931656134e-02,-1.414989627975970499e-01
8.154625000000000000e+10,2.126363423014344251e-02,-2.118765320197324165e-01,1.785904428734624849e-02,-6.472990645433131067e-03,-9.985640603973550480e-03,1.126194471502897773e-03,9.116219545112259903e-02,-1.410027273181230778e-01
8.179562500000000000e+10,1.802539862736558807e-02,-2.043061978367973486e-01,1.615895379719297503e-02,-9.090200691722904319e-03,-1.006753491117551649e-02,2.476568671439658385e-03,8.819368989341370979e-02,-1.403012418591258192e-01
8.204500000000000000e+10,1.556928554206588738e-02,-1.967180434028571456e-01,1.409235964271651764e-02,-1.132012803463504531e-02,-9.906566245435207210e-03,3.803058249826535980e-03,8.536735754234683893e-02,-1.394222204034188117e-01
8.229437500000000000e+10,1.386879591799286549e-02,-1.892197963245469405e-01,1.174347978592948059e-02,-1.311510251859364547e-02,-9.523728796493113186e-03,5.055200972956512377e-03,8.269701080771982293e-02,-1.383980325745929885e-01
8.254375000000000000e+10,1.287837606551682675e-02,-1.819102502663605125e-01,9.202027983832052060e-03,-1.444578911711251294e-02,-8.950524382173859900e-03,6.192287899316936337e-03,8.018726179209270666e-02,-1.372626366007942689e-01
8.279312500000000000e+10,1.253631622077865625e-02,-1.748752861553998506e-01,6.559228764238197312e-03,-1.530153674605019658e-02,-8.225036359123152896e-03,7.185178137761915121e-03,7.783349948920216532e-02,-1.360481831832337507e-01
8.304250000000000000e+10,1.276848910444574464e-02,-1.681849352741008330e-01,3.904206634715882626e-03,-1.568997183856011071e-02,-7.387934491050209690e-03,8.016603202731422545e-03,7.562325547500053924e-02,-1.347819730507764657e-01
8.329187500000000000e+10,1.349252136617139913e-02,-1.618915620202329153e-01,1.320820625177221083e-03,-1.563644565543816436e-02,-6.478994362402523861e-03,8.680134545099561783e-03,7.353860077144315499e-02,-1.334842984360070095e-01
8.354125000000000000e+10,1.462213017457495920e-02,-1.560290861661958739e-01,-1.115730143923219370e-03,-1.518397500363128337e-02,-5.534569318279787542e-03,9.178225334841420141e-03,7.155905495828555896e-02,-1.321674538808373933e-01
8.379062500000000000e+10,1.607153591674298151e-02,-1.506132275407451870e-01,-3.344108482634452519e-03,-1.439350814417248055e-02,-4.586201923743233634e-03,9.519874200446908422e-03,6.966446267785422752e-02,-1.308359349123768278e-01
8.404000000000000000e+10,1.775981178086758275e-02,-1.456430007421316841e-01,-5.325558384689847019e-03,-1.334238482948577401e-02,-3.660281258801342807e-03,9.718445646119532044e-03,6.783738380371830134e-02,-1.294876176806107337e-01
8.428937500000000000e+10,1.961460134334595817e-02,-1.411037686973061478e-01,-7.055826232925687704e-03,-1.211649519654638650e-02,-2.778434185705410883e-03,9.790036294940719641e-03,6.606470877400846820e-02,-1.281155685516989495e-01
8.453875000000000000e+10,2.157412853904907071e-02,-1.369716482174573868e-01,-8.575244609429788847e-03,-1.079122229854997256e-02,-1.958229093577421552e-03,9.752570035230535839e-03,6.433840215311593946e-02,-1.267100807184090572e-01
8.478812500000000000e+10,2.358657640805338421e-02,-1.332179930722716676e-01,-9.966575834359375080e-03,-9.400620831833307253e-03,-1.213747025020246121e-03,9.625596448284404541e-03,6.265545877436860811e-02,-1.252605668467514366e-01
8.503750000000000000e+10,2.560718451064005960e-02,-1.298119532359608419e-01,-1.132907032824921265e-02,-7.903859579551423403e-03,-5.556108405986983972e-04,9.430544453886005943e-03,6.101730167821160095e-02,-1.237570411903800988e-01
8.528687500000000000e+10,2.759508998492943288e-02,-1.267198313142219035e-01,-1.272492221094006538e-02,-6.168241779086770446e-03,9.780262125892272046e-06,9.190921508242352184e-03,5.942892926826519318e-02,-1.221910884553635002e-01
8.553625000000000000e+10,2.951236795204786531e-02,-1.239019663476006727e-01,-1.411054045474389139e-02,-3.990928040960435921e-03,4.816650183493737143e-04,8.931758487574027738e-03,5.789809261587434280e-02,-1.205564044772222537e-01
8.578562500000000000e+10,3.132629849123887145e-02,-1.213093154239794080e-01,-1.528212249041896280e-02,-1.170439005056411567e-03,8.662436674126343210e-04,8.677775577441693838e-03,5.643463792957089525e-02,-1.188491286480959364e-01
8.603500000000000000e+10,3.301434710504879549e-02,-1.188814454568896534e-01,-1.587126146055937298e-02,2.384425708866931646e-03,1.176806072227148817e-03,8.450479301115374278e-03,5.504994293792490195e-02,-1.170681803991877185e-01
8.628437500000000000e+10,3.457154952472314691e-02,-1.165468802207751675e-01,-1.541370884940463162e-02,6.545688456979313792e-03,1.431978023393587832e-03,8.265337616124983702e-03,5.375624462450990376e-02,-1.152156441890077460e-01
8.653375000000000000e+10,3.602029642634500817e-02,-1.142281164503990837e-01,-1.348520732692285416e-02,1.090668458809169149e-02,1.652578168702280694e-03,8.130453143603898897e-03,5.256571429303259768e-02,-1.132970347274930151e-01
8.678312500000000000e+10,3.741932034012902114e-02,-1.118553744578796583e-01,-9.865543313937113340e-03,1.481044774359148788e-02,1.858584259903957661e-03,8.047257305585751516e-03,5.148935203120607457e-02,-1.113211974151401135e-01
8.703250000000000000e+10,3.886316052564808832e-02,-1.093897326101610362e-01,-4.672745359876689063e-03,1.747314221484481955e-02,2.067504809588015073e-03,8.012338225586411455e-03,5.053596509027439426e-02,-1.092997359721530476e-01
8.728187500000000000e+10,4.046321251932900182e-02,-1.068466342565060900e-01,1.585172687483104009e-03,1.817200966566326695e-02,2.294135426065606505e-03,8.018937402028730038e-03,4.971149651788354246e-02,-1.072460957631553302e-01
8.753125000000000000e+10,4.231191507010512859e-02,-1.043033521975968020e-01,8.065339292777556901e-03,1.644158686989243001e-02,2.550542633356951781e-03,8.057478905096374447e-03,4.901878992581307215e-02,-1.051745684695608307e-01
8.778062500000000000e+10,4.444635086523462258e-02,-1.018790979565398630e-01,1.373975179983351856e-02,1.221954334616623394e-02,2.845288008404082622e-03,8.115844193429151698e-03,4.845767737679738257e-02,-1.030994287024582512e-01
8.803000000000000000e+10,4.683290808830024160e-02,-9.969336171501164134e-02,1.759895440068224085e-02,5.902201508840266946e-03,3.182139675072881337e-03,8.180593284597735895e-03,4.802521093925554013e-02,-1.010342468739842264e-01
8.827937500000000000e+10,4.938384826298000685e-02,-9.782383332560401490e-02,1.885771746697936443e-02,-1.702051897750903563e-03,3.559555067299688229e-03,8.239518104510958410e-03,4.771593665103165266e-02,-9.899129438173408235e-02
8.852875000000000000e+10,5.199697659171965969e-02,-9.628688548419361837e-02,1.711519655060521339e-02,-9.506947137078041593e-03,3.972107204156804204e-03,8.284593347281599129e-03,4.752223418034377117e-02,-9.698094521042560645e-02
8.877812500000000000e+10,5.459570122018121696e-02,-9.504972121764226900e-02,1.243676453821379244e-02,-1.633672286306364629e-02,4.413905029772431134e-03,8.313681960884262631e-03,4.743481947169977259e-02,-9.501105419018374132e-02
8.902750000000000000e+10,5.714795024780335714e-02,-9.406427923290174020e-02,5.345046004459857829e-03,-2.112597466885046335e-02,4.882808185551102027e-03,8.329730285423815259e-03,4.744350432326110284e-02,-9.308638424267755285e-02
8.927687500000000000e+10,5.965647256051209019e-02,-9.330169349074596274e-02,-3.270786776517536822e-03,-2.308962347073452090e-02,5.383652762310243631e-03,8.337298862075742320e-03,4.753825516943149809e-02,-9.120821696081783669e-02
8.952625000000000000e+10,6.212961574478682858e-02,-9.276840396493168939e-02,-1.230128473120975161e-02,-2.183330773981037240e-02,5.928991678808896888e-03,8.337412516598476445e-03,4.771052687704176870e-02,-8.937431105695804734e-02
8.977562500000000000e+10,6.455072018101397358e-02,-9.249725493639826546e-02,-2.058458086599299422e-02,-1.739208547602832597e-02,6.536697800369890322e-03,8.322368163725550605e-03,4.795477138132341749e-02,-8.757938679600861531e-02
9.002500000000000000e+10,6.686240227798335989e-02,-9.252039904295061845e-02,-2.706429980694025073e-02,-1.020226672201755141e-02,7.224733483972561356e-03,8.272209147555522474e-03,4.826991838120506945e-02,-8.581630779796883823e-02
9.027437500000000000e+10,6.897272197594715715e-02,-9.283842722876058107e-02,-3.091524572434366930e-02,-1.022371058780021866e-03,8.004182154329356896e-03,8.154217808683656560e-03,4.866048868554607304e-02,-8.407806798645864332e-02
9.052375000000000000e+10,7.077977560099732446e-02,-9.339985138047864066e-02,-3.162562233501333558e-02,9.176681465592976400e-03,8.872193404983526321e-03,7.926157199323781086e-03,4.913686560789095464e-02,-8.236051955341258668e-02
9.077312500000000000e+10,7.220435103542442723e-02,-9.409918277624057525e-02,-2.903363881504964286e-02,1.933314960756439549e-02,9.806790180617069169e-03,7.543168170452677415e-03,4.971420615649919245e-02,-8.066547391069950335e-02
9.102250000000000000e+10,7.321850843045862867e-02,-9.479416992213983428e-02,-2.332229155198545234e-02,2.841239654898851039e-02,1.076541991242340075e-02,6.967230842205180200e-03,5.040964202596993904e-02,-7.900342522570938386e-02
9.127187500000000000e+10,7.386045836150890997e-02,-9.533631211547106965e-02,-1.497938374627310817e-02,3.550974421745594495e-02,1.168852895729891386e-02,6.177078935669912986e-03,5.123788521843268551e-02,-7.739484520524354816e-02
9.152125000000000000e+10,7.423108139080680790e-02,-9.560507791109242037e-02,-4.731490462809967087e-03,3.993043448607256490e-02,1.250821195648340461e-02,5.175750636531666581e-03,5.220607042942702891e-02,-7.586901786269741044e-02
9.177062500000000000e+10,7.447309219722329787e-02,-9.553566295575913192e-02,6.538630596074668060e-03,4.124204479002031853e-02,1.316031064053880921e-02,3.993015131985589924e-03,5.330939197262058588e-02,-7.445993394773910146e-02
9.202000000000000000e+10,7.473879357889399999e-02,-9.513228436952059219e-02,1.788148312585212396e-02,3.929770921543298406e-02,1.359673400045567637e-02,2.681046656845896548e-03,5.452940961165501227e-02,-7.319985429601956473e-02
9.226937500000000000e+10,7.515552760200067128e-02,-9.446321589475208114e-02,2.836795660821803469e-02,3.423144125506503294e-02,1.379399178129725283e-02,1.303839430098183844e-03,5.583639483968935724e-02,-7.211244398476783501e-02
9.251875000000000000e+10,7.579858284366267074e-02,-9.363897316565737705e-02,3.716640853920918919e-02,2.642949817114449013e-02,1.375460895555272178e-02,-7.667091085562904970e-05,5.719565528153468248e-02,-7.120822599488604854e-02
9.276812500000000000e+10,7.667922434992864578e-02,-9.277992274797908223e-02,4.360428742847102801e-02,1.648356466678281909e-02,1.350032598236088240e-02,-1.413029540387149632e-03,5.857582955155072463e-02,-7.048482406930794975e-02
9.301750000000000000e+10,7.775114878858431500e-02,-9.198272137906463031e-02,4.721152130602471186e-02,5.132143020778129686e-03,1.305913663565395379e-02,-2.678369927558994779e-03,5.995559600617286766e-02,-6.993278881936909608e-02
9.326687500000000000e+10,7.893323025098419876e-02,-9.129537913969303087e-02,4.774509820002285215e-02,-6.804033349950611154e-03,1.245101946837048716e-02,-3.863304769331292812e-03,6.132508025875809538e-02,-6.954519664841082860e-02
9.351625000000000000e+10,8.014154895533548428e-02,-9.070815338944034079e-02,4.519546959714311474e-02,-1.848786697229299475e-02,1.167835707581477318e-02,-4.964187078334501325e-03,6.267996628934317804e-02,-6.932682526922992472e-02
9.376562500000000000e+10,8.132094521548473287e-02,-9.016264297553455709e-02,3.977570931512320468e-02,-2.912916028035125726e-02,1.072576798482203358e-02,-5.967011160300823326e-03,6.400947300455846201e-02,-6.929785943477417831e-02
9.401500000000000000e+10,8.246665316619923580e-02,-8.957587635626515499e-02,3.189449458976492680e-02,-3.804142283545842995e-02,9.570678803086183489e-03,-6.833505409488651455e-03,6.528263681962591380e-02,-6.948852813677858231e-02
9.426437500000000000e+10,8.362987657273489306e-02,-8.887171151178802075e-02,2.211478378102415057e-02,-4.468793646732715369e-02,8.201719689596922644e-03,-7.495733861573136703e-03,6.643913584177518761e-02,-6.992450455860328706e-02
9.451375000000000000e+10,8.490633230027229417e-02,-8.801000492155520993e-02,1.110179148110856592e-02,-4.871282364634391820e-02,6.638695517520497823e-03,-7.862713868257228608e-03,6.739014211673659271e-02,-7.060694578107676311e-02
9.476312500000000000e+10,8.641195468179403705e-02,-8.700532329543242405e-02,-4.341343316011302090e-04,-4.995417872341650911e-02,4.946892771764647458e-03,-7.838275018584315093e-03,6.803149397304250612e-02,-7.149392096403377195e-02
9.501250000000000000e+10,8.825331355112991938e-02,-8.593078726514234711e-02,-1.179297957656092778e-02,-4.843895052494760073e-02,3.240212544431832209e-03,-7.345391461474439984e-03,6.826709952745821375e-02,-7.249036888795777622e-02
9.526187500000000000e+10,9.050087766476658246e-02,-8.490733853674628517e-02,-2.233265501594159513e-02,-4.436233714678761847e-02,1.671249390901102588e-03,-6.350070772651098677e-03,6.803669138305562525e-02,-7.345146441630527601e-02
9.551125000000000000e+10,9.317129878497794337e-02,-8.408255696543603941e-02,-3.150465071159683911e-02,-3.805674550187736205e-02,4.104198089102924565e-04,-4.878197600154060044e-03,6.734025915743967194e-02,-7.420031725211127804e-02
9.576062500000000000e+10,9.622157861478788932e-02,-8.360503274215090597e-02,-3.887660893226624337e-02,-2.995605906783448819e-02,-3.808638979830641577e-04,-3.021038960663109153e-03,6.625214676995598573e-02,-7.455677894784995541e-02
9.601000000000000000e+10,9.955470600285488969e-02,-8.360013553772152606e-02,-4.414321703275375652e-02,-2.056003830094816492e-02,-5.769033386211155521e-04,-9.282931845614946246e-04,6.492042370204335888e-02,-7.437110601854961256e-02
9.625937500000000000e+10,1.030340692439136868e-01,-8.415149184409487226e-02,-4.712823331341924743e-02,-1.040181043371331271e-02,-1.088691438968761489e-04,1.209523637652546975e-03,6.355072589945585937e-02,-7.355499200395838877e-02
9.650875000000000000e+10,1.065029246124396256e-01,-8.529048124305271816e-02,-4.778058915263728307e-02,-1.945920054985937099e-05,1.023316526508988994e-03,3.185592405589639242e-03,6.237731022488581661e-02,-7.210306527836278512e-02
9.675812500000000000e+10,1.098051823193096771e-01,-8.699426085231412586e-02,-4.616671807930761151e-02,1.006864060419902437e-02,2.749976236008221976e-03,4.803578924331158677e-03,6.162684935231949046e-02,-7.009998106651994798e-02
9.700750000000000000e+10,1.128043178784639694e-01,-8.919150185858011615e-02,-4.246011556023190220e-02,1.938561705222965545e-02,4.941144153916277905e-03,5.902126859764720949e-03,6.148208297175582898e-02,-6.771120250567774779e-02
9.725687500000000000e+10,1.153979864480696171e-01,-9.177414915569159781e-02,-3.692815081556084789e-02,2.751565340084464670e-02,7.424416624683809543e-03,6.373220420317048281e-03,6.205261039358775377e-02,-6.515892500884506999e-02
9.750625000000000000e+10,1.175267599805874391e-01,-9.461296577500930005e-02,-2.991566487687384590e-02,3.412122474683217110e-02,1.000785599563818427e-02,6.171799925378456536e-03,6.335878212137423249e-02,-6.268776572510745271e-02
9.775562500000000000e+10,1.191763118342354377e-01,-9.757432411212649259e-02,-2.182500522788774489e-02,3.895715907016471941e-02,1.250390616440044157e-02,5.315592623201827009e-03,6.533195342954392637e-02,-6.052716154250900593e-02
9.800500000000000000e+10,1.203733461882446620e-01,-1.005356894623518904e-01,-1.309276864120816758e-02,4.188014324847622039e-02,1.475024174752001364e-02,3.875897947125448925e-03,6.783075781531199000e-02,-5.885825523069152659e-02
9.825437500000000000e+10,1.211765286126904317e-01,-1.033975933243054951e-01,-4.164392221908222100e-03,4.285227279277849244e-02,1.662422417788175441e-02,1.961749521815580374e-03,7.066936978727937635e-02,-5.779200210632728235e-02
9.850375000000000000e+10,1.216644343796599720e-01,-1.060906417285712028e-01,4.531489322245241431e-03,4.193776789593470222e-02,1.804912148044210754e-02,-2.989362205325915632e-04,7.365099137788017059e-02,-5.736241239086042887e-02
9.875312500000000000e+10,1.219228816531649218e-01,-1.085771341021234543e-01,1.260661620612283165e-02,3.929289367531101779e-02,1.899214720730656170e-02,-2.777287418517169083e-03,7.659888807643322473e-02,-5.753499620009561166e-02
9.900250000000000000e+10,1.220338409480662412e-01,-1.108479325751609151e-01,1.973245805712241230e-02,3.515012990386345154e-02,1.945616634606804271e-02,-5.357205282121186088e-03,7.937851811396839929e-02,-5.822677033953033154e-02
9.925187500000000000e+10,1.220674680961900127e-01,-1.129160344326837345e-01,2.565384219409289068e-02,2.979841516036721774e-02,1.946807652654186649e-02,-7.943058719180755983e-03,8.190718663754602280e-02,-5.933176296221951557e-02
9.950125000000000000e+10,1.220779124067230270e-01,-1.148086661701621519e-01,3.019624295554443685e-02,2.356163492234146853e-02,1.906710415111735960e-02,-1.046124114063840503e-02,8.415118272542279620e-02,-6.074544879947769288e-02
9.975062500000000000e+10,1.221026814494260843e-01,-1.165596085660776382e-01,3.326698894514136529e-02,1.677740793197124783e-02,1.829560596888734486e-02,-1.285696069953963343e-02,8.611337864762380612e-02,-6.238286609491909551e-02
1.000000000000000000e+11,1.221647180004867966e-01,-1.182030050269431698e-01,3.485127608532632287e-02,9.777782999303166744e-03,1.719377347578297799e-02,-1.508847211828382578e-02,8.781599348703424124e-02,-6.418761489613612758e-02
